name,version,workspace,observedRuntimeImport,observedPrograms,observedSubpaths,entryTypeEvidence,typeStatusAtObservedImports,autoRefusalsAtObservedImports,parentContexts,typedParentContexts,ownDeclarationFiles,shippedTsFiles,shippedJsFiles,nativeAddonFiles,root,manifestSha256
y18n,5.0.8,False,False,,,js-or-native-no-declaration-found,,,1,0,0,0,5,0,/home/cyber/Work/reddb.io/redcode/node_modules/.bun/y18n@5.0.8/node_modules/y18n,f65855d14daaf57947e398e132caa246f93bbf045ff3f8f9627114714729ad29
cliui,9.0.1,False,False,,,js-or-native-no-declaration-found,,,1,0,0,0,2,0,/home/cyber/Work/reddb.io/redcode/node_modules/.bun/cliui@9.0.1/node_modules/cliui,305c7580ded81b1a9bfc3417e8c257692b4c2e54a66e67deb1b8f61f197aee9e
once,1.4.0,False,False,,,js-or-native-no-declaration-found,,,2,0,0,0,1,0,/home/cyber/Work/reddb.io/redcode/node_modules/.bun/once@1.4.0/node_modules/once,33840d74c14c94bfb75c76374765b635531b1eacb88d7f1f2f380c94d0ea1328
wrappy,1.0.2,False,False,,,js-or-native-no-declaration-found,,,1,0,0,0,1,0,/home/cyber/Work/reddb.io/redcode/node_modules/.bun/wrappy@1.0.2/node_modules/wrappy,712ac9c4c3cef8bc79f42cf6075ff18551f4cb768f35158214fd643853ad7abc
events,3.3.0,False,False,,,js-or-native-no-declaration-found,,,0,0,0,0,24,0,/home/cyber/Work/reddb.io/redcode/node_modules/.bun/events@3.3.0/node_modules/events,878ad3687fef7efe3757c1872a3af998c95197129a7445d632486a9591ee542e
process,0.11.10,False,False,,,js-or-native-no-declaration-found,,,0,0,0,0,3,0,/home/cyber/Work/reddb.io/redcode/node_modules/.bun/process@0.11.10/node_modules/process,8501b4909630e60c9e9f68c4ca8ccb1964688500e61c60408a26d5480a9dd3d4
punycode,2.3.1,False,False,,,js-or-native-no-declaration-found,,,0,0,0,0,2,0,/home/cyber/Work/reddb.io/redcode/node_modules/.bun/punycode@2.3.1/node_modules/punycode,e025033bd11110af671fb8eb62f0db8895073ccdca70b596aa94a27eb5bf9acb
string_decoder,1.3.0,False,False,,,js-or-native-no-declaration-found,,,0,0,0,0,1,0,/home/cyber/Work/reddb.io/redcode/node_modules/.bun/string_decoder@1.3.0/node_modules/string_decoder,31984c85cd4f3df0aa75075acdec98c25961496897d1f46d04ed4a701f129c54
@npmcli/map-workspaces,5.0.3,False,True,redcode/redcode,@npmcli/map-workspaces,js-or-native-no-declaration-found,no-declaration-resolved,it ships no own .d.ts declaration surface,2,0,0,0,1,0,/home/cyber/Work/reddb.io/redcode/node_modules/.bun/@npmcli+map-workspaces@5.0.3/node_modules/@npmcli/map-workspaces,4e5e0897f2ba236dbb738a523c4d95139cd9cc12acfeeb3aaa546464397bb994
spdx-expression-parse,4.0.0,False,False,,,js-or-native-no-declaration-found,,,1,0,0,0,3,0,/home/cyber/Work/reddb.io/redcode/node_modules/.bun/spdx-expression-parse@4.0.0/node_modules/spdx-expression-parse,3e8b59ed9c34d30597c8e5e3da963fe23ae97f5f20611ae523f842a7b243c044
spdx-license-ids,3.0.23,False,False,,,js-or-native-no-declaration-found,,,1,0,0,0,0,0,/home/cyber/Work/reddb.io/redcode/node_modules/.bun/spdx-license-ids@3.0.23/node_modules/spdx-license-ids,669d0ba75505d331031cf79b0d208393601307f41cd4ae4355ce99e6eaef4c8c
spdx-exceptions,2.5.0,False,False,,,js-or-native-no-declaration-found,,,1,0,0,0,0,0,/home/cyber/Work/reddb.io/redcode/node_modules/.bun/spdx-exceptions@2.5.0/node_modules/spdx-exceptions,0af9bd4b68c9e3d1bc7a9208881cbde84da140d564a3bb42cf53184c6e83f2e3
proc-log,6.1.0,False,True,redcode/redcode,proc-log,js-or-native-no-declaration-found,no-declaration-resolved,it ships no own .d.ts declaration surface,14,0,0,0,1,0,/home/cyber/Work/reddb.io/redcode/node_modules/.bun/proc-log@6.1.0/node_modules/proc-log,5da081088a404333c924e99523d09d00d90f0e2c2bff011bc14f8899dff8897d
json-parse-even-better-errors,5.0.0,False,False,,,js-or-native-no-declaration-found,,,3,0,0,0,1,0,/home/cyber/Work/reddb.io/redcode/node_modules/.bun/json-parse-even-better-errors@5.0.0/node_modules/json-parse-even-better-errors,8de4f1d03fcc2a8bc63814805fe991436eda50e12b8855bc97f69e442c38110a
hosted-git-info,9.0.3,False,False,,,js-or-native-no-declaration-found,,,3,0,0,0,4,0,/home/cyber/Work/reddb.io/redcode/node_modules/.bun/hosted-git-info@9.0.3/node_modules/hosted-git-info,7c3774e4843581832aec08133a19df318625a91c1ca6c90fef1a328d4e02705e
@npmcli/git,7.0.2,False,False,,,js-or-native-no-declaration-found,,,2,0,0,0,13,0,/home/cyber/Work/reddb.io/redcode/node_modules/.bun/@npmcli+git@7.0.2/node_modules/@npmcli/git,930a684fb02a4c5eae22642cb57ae3e3e3892459cfdf76235286c38a7f9c029d
npm-pick-manifest,11.0.3,False,False,,,js-or-native-no-declaration-found,,,3,0,0,0,1,0,/home/cyber/Work/reddb.io/redcode/node_modules/.bun/npm-pick-manifest@11.0.3/node_modules/npm-pick-manifest,96c451ce620e6055bb8724f8252ac68bdc87e547f667bb7b60be2c976898fe61
validate-npm-package-name,7.0.2,False,False,,,js-or-native-no-declaration-found,,,1,0,0,0,1,0,/home/cyber/Work/reddb.io/redcode/node_modules/.bun/validate-npm-package-name@7.0.2/node_modules/validate-npm-package-name,f99a0874b70ee91c258e0dd49278db7bea941e97a95e36437e02a5588fe953af
npm-normalize-package-bin,5.0.0,False,False,,,js-or-native-no-declaration-found,,,4,0,0,0,1,0,/home/cyber/Work/reddb.io/redcode/node_modules/.bun/npm-normalize-package-bin@5.0.0/node_modules/npm-normalize-package-bin,41a4c7c4d2960ac5fd7bf05bbfe36da4d0d5a2bb5f271e433244644b3ff3c88a
npm-install-checks,8.0.0,False,False,,,js-or-native-no-declaration-found,,,2,0,0,0,3,0,/home/cyber/Work/reddb.io/redcode/node_modules/.bun/npm-install-checks@8.0.0/node_modules/npm-install-checks,21f65ba69591329634fc475ab7214404cb20d36d4ee99365062e086798e570ee
ini,6.0.0,False,True,redcode/redcode,ini,js-or-native-no-declaration-found,no-declaration-resolved,it ships no own .d.ts declaration surface,2,0,0,0,1,0,/home/cyber/Work/reddb.io/redcode/node_modules/.bun/ini@6.0.0/node_modules/ini,194169a21afe2614accc960627c62621704ccfbe64ecbde4d7a65847fbaa4d56
@npmcli/promise-spawn,9.0.1,False,False,,,js-or-native-no-declaration-found,,,3,0,0,0,2,0,/home/cyber/Work/reddb.io/redcode/node_modules/.bun/@npmcli+promise-spawn@9.0.1/node_modules/@npmcli/promise-spawn,31fd2768440dfe550bb894ab55e326fffe4ac63b2f83e798e2cbb6edff1373e4
@npmcli/name-from-folder,4.0.0,False,False,,,js-or-native-no-declaration-found,,,2,0,0,0,1,0,/home/cyber/Work/reddb.io/redcode/node_modules/.bun/@npmcli+name-from-folder@4.0.0/node_modules/@npmcli/name-from-folder,ca446ce3288e3b7a6c1278ae899a5718dffc52a4e42ba6236519c67e6329fcb1
nopt,9.0.0,False,True,redcode/redcode,nopt,js-or-native-no-declaration-found,no-declaration-resolved,it ships no own .d.ts declaration surface,3,0,0,0,5,0,/home/cyber/Work/reddb.io/redcode/node_modules/.bun/nopt@9.0.0/node_modules/nopt,9e9aa0342cc3232da295048d60276edff062faf18b317b600c6ccb6bfc0d212f
abbrev,4.0.0,False,False,,,js-or-native-no-declaration-found,,,1,0,0,0,1,0,/home/cyber/Work/reddb.io/redcode/node_modules/.bun/abbrev@4.0.0/node_modules/abbrev,86c0a87ee85682437c2617ea516604ac19dcc7b8e1fc5d34a2220f320347c627
is-extglob,2.1.1,False,True,redcode/redcode,is-extglob,js-or-native-no-declaration-found,no-declaration-resolved,it ships no own .d.ts declaration surface,1,0,0,0,1,0,/home/cyber/Work/reddb.io/redcode/node_modules/.bun/is-extglob@2.1.1/node_modules/is-extglob,8031afcd87f448d75ba8a5dd2cde9c68f982a94f406ebae8e5fb7cf6dfdeede2
is-glob,4.0.3,False,True,redcode/redcode,is-glob,js-or-native-no-declaration-found,no-declaration-resolved,it ships no own .d.ts declaration surface,3,0,0,0,1,0,/home/cyber/Work/reddb.io/redcode/node_modules/.bun/is-glob@4.0.3/node_modules/is-glob,1cce62b80db12fc033d85250b5881b1a288476229abda8e1abd983724befd56f
picomatch,2.3.2,False,False,,,js-or-native-no-declaration-found,,,3,0,0,0,6,0,/home/cyber/Work/reddb.io/redcode/node_modules/.bun/picomatch@2.3.2/node_modules/picomatch,63264d817e856a4bff57d4304f2b38d2964a4f6df520eb169e7bcdb619f13e9a
fill-range,7.1.1,False,False,,,js-or-native-no-declaration-found,,,1,0,0,0,1,0,/home/cyber/Work/reddb.io/redcode/node_modules/.bun/fill-range@7.1.1/node_modules/fill-range,87f5c78f9b47d21f9ca62b60cff1d250a3b468eab320dd13c3f3ab2464a02735
to-regex-range,5.0.1,False,False,,,js-no-declarations-jsdoc-candidate,,,1,0,0,0,1,0,/home/cyber/Work/reddb.io/redcode/node_modules/.bun/to-regex-range@5.0.1/node_modules/to-regex-range,766fc1bb34fffcd503c89f4194188ce059795c52fd0dc6753cd4b7dcfc3fe1ec
is-number,7.0.0,False,False,,,js-or-native-no-declaration-found,,,1,0,0,0,1,0,/home/cyber/Work/reddb.io/redcode/node_modules/.bun/is-number@7.0.0/node_modules/is-number,51c133f4e41df982aef69027249ff9d7262645029f437d079adc7c83328fb620
sass,1.51.0,False,False,,,types-or-ts-files-present-but-root-unresolved,,,1,0,24,0,3,0,/home/cyber/Work/reddb.io/redcode/node_modules/.bun/sass@1.51.0/node_modules/sass,21419289f1c4f1b6c3992eeac982ff5bb70a35573efa3574e4eea487146e63dc
normalize-path,3.0.0,False,False,,,js-or-native-no-declaration-found,,,2,0,0,0,1,0,/home/cyber/Work/reddb.io/redcode/node_modules/.bun/normalize-path@3.0.0/node_modules/normalize-path,284ea445a01a454ab1235a08101445fe16592303167090815f4a75b54d6fba04
glob-parent,5.1.2,False,False,,,js-no-declarations-jsdoc-candidate,,,1,0,0,0,1,0,/home/cyber/Work/reddb.io/redcode/node_modules/.bun/glob-parent@5.1.2/node_modules/glob-parent,858af9aa27cfe6eea1cfd1abbda15ad0ccc87e66e88b3ad249fab8df6dd13192
msgpackr-extract,3.0.4,False,False,,,js-or-native-no-declaration-found,,,1,0,0,0,2,0,/home/cyber/Work/reddb.io/redcode/node_modules/.bun/msgpackr-extract@3.0.4/node_modules/msgpackr-extract,5cc88f0f15a0b54d9bb55b7aba652b792342199d77a8402727b76f0a53f9c2d1
@msgpackr-extract/msgpackr-extract-linux-x64,3.0.4,False,False,,,js-or-native-no-declaration-found,,,1,0,0,0,1,4,/home/cyber/Work/reddb.io/redcode/node_modules/.bun/@msgpackr-extract+msgpackr-extract-linux-x64@3.0.4/node_modules/@msgpackr-extract/msgpackr-extract-linux-x64,0feb6407da586c3576fc9f3fb8b512600e5382283895106927a7d91b2bad85d7
node-gyp-build-optional-packages,5.2.2,False,False,,,js-or-native-no-declaration-found,,,1,0,0,0,5,0,/home/cyber/Work/reddb.io/redcode/node_modules/.bun/node-gyp-build-optional-packages@5.2.2/node_modules/node-gyp-build-optional-packages,939e18b5652b4cd288a9ff263ddd9be1101b0503903794b9f8feb2603461e1a4
kubernetes-types,1.30.0,False,False,,,types-or-ts-files-present-but-root-unresolved,,,1,0,35,0,0,0,/home/cyber/Work/reddb.io/redcode/node_modules/.bun/kubernetes-types@1.30.0/node_modules/kubernetes-types,2e23caf0261433c70ddaff7a11de94f05c888c8f0433d2909253ae34a48ab306
ini,7.0.0,False,False,,,js-or-native-no-declaration-found,,,1,0,0,0,1,0,/home/cyber/Work/reddb.io/redcode/node_modules/.bun/ini@7.0.0/node_modules/ini,8fa8b0d70252d57858bae47eae4d4b8d19c83f316dddd0d4565f5626cc51e194
pure-rand,8.4.0,False,False,,,types-or-ts-files-present-but-root-unresolved,,,1,0,28,0,26,0,/home/cyber/Work/reddb.io/redcode/node_modules/.bun/pure-rand@8.4.0/node_modules/pure-rand,136f0f3680bc24af41c51f448096f54006578ee9b7c19223b23895037eb709f4
multicast-dns,7.2.5,False,False,,,js-or-native-no-declaration-found,,,1,0,0,0,4,0,/home/cyber/Work/reddb.io/redcode/node_modules/.bun/multicast-dns@7.2.5/node_modules/multicast-dns,36119c9323830dd57b8bb03ad7e0b7357a47ac4c4ef77915f741594243183376
thunky,1.1.0,False,False,,,js-or-native-no-declaration-found,,,1,0,0,0,3,0,/home/cyber/Work/reddb.io/redcode/node_modules/.bun/thunky@1.1.0/node_modules/thunky,2e0f97d0ca8854986390dce5b2721325cce2260fd7800ad72426b820b39a05ba
dns-packet,5.6.1,False,False,,,js-or-native-no-declaration-found,,,1,0,0,0,6,0,/home/cyber/Work/reddb.io/redcode/node_modules/.bun/dns-packet@5.6.1/node_modules/dns-packet,928c17d2ec39fab9d35ab67187005c55795a279f66cf42ba97679b1d41bf63dd
default-browser-id,5.0.1,False,False,,,js-or-native-no-declaration-found,,,1,0,0,0,1,0,/home/cyber/Work/reddb.io/redcode/node_modules/.bun/default-browser-id@5.0.1/node_modules/default-browser-id,33d93cd9f507c701ecf0551213ddd0f22fba3ee958be14c4ef7045be79520f3c
bundle-name,4.1.0,False,False,,,js-or-native-no-declaration-found,,,1,0,0,0,1,0,/home/cyber/Work/reddb.io/redcode/node_modules/.bun/bundle-name@4.1.0/node_modules/bundle-name,8aab8e5167a83765db8857c31b88c7f2b39dd63841eb8fda0ab9ceeb15904462
real-require,1.0.0,False,False,,,js-or-native-no-declaration-found,,,1,0,0,0,1,0,/home/cyber/Work/reddb.io/redcode/node_modules/.bun/real-require@1.0.0/node_modules/real-require,363c0f322273e0ea290e610886baf05db5174ea09c83f11fb585b43627d3d5dc
atomic-sleep,1.0.0,False,False,,,js-or-native-no-declaration-found,,,2,0,0,0,2,0,/home/cyber/Work/reddb.io/redcode/node_modules/.bun/atomic-sleep@1.0.0/node_modules/atomic-sleep,a9cf82d72a5f240fe051ad0db112bed603df981074928291680d221b96a92d5e
real-require,0.2.0,False,False,,,js-or-native-no-declaration-found,,,1,0,0,0,1,0,/home/cyber/Work/reddb.io/redcode/node_modules/.bun/real-require@0.2.0/node_modules/real-require,f60c1a0cf5710e68786a385832188c7acc717d94dba2f48f968af40b9b403199
quick-format-unescaped,4.0.4,False,False,,,js-or-native-no-declaration-found,,,1,0,0,0,3,0,/home/cyber/Work/reddb.io/redcode/node_modules/.bun/quick-format-unescaped@4.0.4/node_modules/quick-format-unescaped,e25559231cba29186a6c278ac945ef19c65b9dca221394892d6682d6a22c046a
split2,4.2.0,False,False,,,js-or-native-no-declaration-found,,,1,0,0,0,3,0,/home/cyber/Work/reddb.io/redcode/node_modules/.bun/split2@4.2.0/node_modules/split2,87b734c3087c8d9ed5d76d1bff00db30f960831ba8705dd18d73b180d08d2140
on-exit-leak-free,2.1.2,False,False,,,js-or-native-no-declaration-found,,,1,0,0,0,7,0,/home/cyber/Work/reddb.io/redcode/node_modules/.bun/on-exit-leak-free@2.1.2/node_modules/on-exit-leak-free,6c6b59245a8a357ba616afd6e1b9bee4caf9c0ed01a21d8f81108ee120d76eb5
set-cookie-parser,2.7.2,False,False,,,js-or-native-no-declaration-found,,,1,0,0,0,1,0,/home/cyber/Work/reddb.io/redcode/node_modules/.bun/set-cookie-parser@2.7.2/node_modules/set-cookie-parser,30485e315a03f4ffbafbbcdc205542b754526850a6d71e4cfc1130a4a986a057
fast-decode-uri-component,1.0.1,False,False,,,js-or-native-no-declaration-found,,,1,0,0,0,3,0,/home/cyber/Work/reddb.io/redcode/node_modules/.bun/fast-decode-uri-component@1.0.1/node_modules/fast-decode-uri-component,ebdbe738d2ac40389ca3b8b60ae72c248e7293bb5fcffcf2ada794877c0de54a
require-from-string,2.0.2,False,False,,,js-or-native-no-declaration-found,,,1,0,0,0,1,0,/home/cyber/Work/reddb.io/redcode/node_modules/.bun/require-from-string@2.0.2/node_modules/require-from-string,c0002f7d4c7d7e2a885cf0f97226344902417c3a0980f2beca41962d2bc1f6d8
abstract-logging,2.0.1,False,False,,,js-or-native-no-declaration-found,,,1,0,0,0,2,0,/home/cyber/Work/reddb.io/redcode/node_modules/.bun/abstract-logging@2.0.1/node_modules/abstract-logging,33f6c3a8ec869b76fba4173cd688d1865ae74d746cc3f3b5d85abf9f40ab4038
jws,4.0.1,False,False,,,js-or-native-no-declaration-found,,,2,0,0,0,5,0,/home/cyber/Work/reddb.io/redcode/node_modules/.bun/jws@4.0.1/node_modules/jws,a934389f53e2ac8909d5399410c1ede3e35397be9e9f521bde25b61e1fee0b2f
jwa,2.0.1,False,False,,,js-or-native-no-declaration-found,,,1,0,0,0,1,0,/home/cyber/Work/reddb.io/redcode/node_modules/.bun/jwa@2.0.1/node_modules/jwa,53610fa0143c2cdef9d280e0c029ededf688930648358d4f3e35a081d75219d8
buffer-equal-constant-time,1.0.1,False,False,,,js-or-native-no-declaration-found,,,1,0,0,0,2,0,/home/cyber/Work/reddb.io/redcode/node_modules/.bun/buffer-equal-constant-time@1.0.1/node_modules/buffer-equal-constant-time,2d3df7ecb57811cf6fc43be180d9801c7c70928e5388391a6f258d889449ef4e
formdata-polyfill,4.0.10,False,False,,,types-or-ts-files-present-but-root-unresolved,,,1,0,1,0,4,0,/home/cyber/Work/reddb.io/redcode/node_modules/.bun/formdata-polyfill@4.0.10/node_modules/formdata-polyfill,09767e86a596171ef17e8ec4977eb11f530654740fa3105dbbd7cd545753421e
node-domexception,1.0.0,False,False,,,js-or-native-no-declaration-found,,,1,0,0,0,25,0,/home/cyber/Work/reddb.io/redcode/node_modules/.bun/node-domexception@1.0.0/node_modules/node-domexception,1ff59c11ab7aef2b2f7fa393e8b871362e21b8a2defbd4922a8f8a5082fbfa06
extend,3.0.2,False,False,,,js-or-native-no-declaration-found,,,1,0,0,0,1,0,/home/cyber/Work/reddb.io/redcode/node_modules/.bun/extend@3.0.2/node_modules/extend,8d891b3f00bead114c4741d8a594e7aaa59114f53782ec9a9319a619709dc14f
json-bigint,1.0.0,False,False,,,js-or-native-no-declaration-found,,,1,0,0,0,3,0,/home/cyber/Work/reddb.io/redcode/node_modules/.bun/json-bigint@1.0.0/node_modules/json-bigint,1c3b07ce46552112606922f0782b316383529b3da935d637c0606cb38a8caa5a
xmlhttprequest-ssl,2.1.2,False,False,,,js-no-declarations-jsdoc-candidate,,,1,0,0,0,1,0,/home/cyber/Work/reddb.io/redcode/node_modules/.bun/xmlhttprequest-ssl@2.1.2/node_modules/xmlhttprequest-ssl,312ae0ac13ec79d5271b871d140fb8c21accd157eef39f8496d25d014080acc1
whatwg-url,5.0.0,False,False,,,js-or-native-no-declaration-found,,,1,0,0,0,5,0,/home/cyber/Work/reddb.io/redcode/node_modules/.bun/whatwg-url@5.0.0/node_modules/whatwg-url,05a015c4176246f051bbaa3a543ed82480a4a4d85360283e049f159ba014b008
webidl-conversions,3.0.1,False,False,,,js-or-native-no-declaration-found,,,1,0,0,0,1,0,/home/cyber/Work/reddb.io/redcode/node_modules/.bun/webidl-conversions@3.0.1/node_modules/webidl-conversions,e26568c06b82596d754c7490fd568b4b3f970b3b97c55020d42f65990d0c86af
tr46,0.0.3,False,False,,,js-or-native-no-declaration-found,,,1,0,0,0,1,0,/home/cyber/Work/reddb.io/redcode/node_modules/.bun/tr46@0.0.3/node_modules/tr46,615087f58ee138fd35c2b414c355b72e36e5919725b8aecc1c34f6a5585b9779
@babel/runtime,7.29.7,False,False,,,js-or-native-no-declaration-found,,,1,0,0,0,245,0,/home/cyber/Work/reddb.io/redcode/node_modules/.bun/@babel+runtime@7.29.7/node_modules/@babel/runtime,8c4bf20c55e3f3a93df034b12746bf72185cf2acb0ef52847a3465d6e67c61e7
node-gyp-build,4.8.4,False,False,,,js-or-native-no-declaration-found,,,2,0,0,0,5,0,/home/cyber/Work/reddb.io/redcode/node_modules/.bun/node-gyp-build@4.8.4/node_modules/node-gyp-build,9e8def3fbf123e28aa1ca4b6aa557fba4e66eecf6e86d170b61ec1c7ed51305d
node-addon-api,7.1.1,False,False,,,js-or-native-no-declaration-found,,,2,0,0,0,5,0,/home/cyber/Work/reddb.io/redcode/node_modules/.bun/node-addon-api@7.1.1/node_modules/node-addon-api,e4947cf10e432c42459e60a00947ccd1ad2501e16cf1a530b3d39f0c2de5c83f
node-addon-api,8.8.0,False,False,,,js-or-native-no-declaration-found,,,1,0,0,0,4,0,/home/cyber/Work/reddb.io/redcode/node_modules/.bun/node-addon-api@8.8.0/node_modules/node-addon-api,cb1986cf56795f72e25f0ead0dc1032826fb35eb171215bab52f60fa09bfc6ac
seroval-plugins,1.3.3,False,False,,,types-or-ts-files-present-but-root-unresolved,,,1,0,15,15,4,0,/home/cyber/Work/reddb.io/redcode/node_modules/.bun/seroval-plugins@1.3.3+7c651f2eb938f734/node_modules/seroval-plugins,6737180fb72fbb7ceb4b1aea292c2b6e171672f95bdebe6a531df70f084782e0
babel-preset-solid,1.9.12,False,False,,,js-or-native-no-declaration-found,,,1,0,0,0,1,0,/home/cyber/Work/reddb.io/redcode/node_modules/.bun/babel-preset-solid@1.9.12+c2439d912c62ff5a/node_modules/babel-preset-solid,8713d5a4d0f15d13ba58c21dbb93f2e5bbfbb7d74b3e2f11c13e3811b50931c9
gensync,1.0.0-beta.2,False,False,,,js-or-native-no-declaration-found,,,2,0,0,0,2,0,/home/cyber/Work/reddb.io/redcode/node_modules/.bun/gensync@1.0.0-beta.2/node_modules/gensync,80cddca71baa1ba0cf44f65585e1c1ed7576abdb759ed391007925c961ca6334
convert-source-map,2.0.0,False,False,,,js-or-native-no-declaration-found,,,2,0,0,0,1,0,/home/cyber/Work/reddb.io/redcode/node_modules/.bun/convert-source-map@2.0.0/node_modules/convert-source-map,e6bf802e6ee220d66321808ce3d619fbb85ff4d5729ea4f649bd65dfe9ee8956
@babel/helper-validator-identifier,7.29.7,False,False,,,js-or-native-no-declaration-found,,,4,0,0,0,3,0,/home/cyber/Work/reddb.io/redcode/node_modules/.bun/@babel+helper-validator-identifier@7.29.7/node_modules/@babel/helper-validator-identifier,1ad6aeced8b186ac259da45fea50ab9d65d3d958f6458c80e3c8013649d1b12d
@babel/helper-string-parser,7.29.7,False,False,,,js-or-native-no-declaration-found,,,1,0,0,0,1,0,/home/cyber/Work/reddb.io/redcode/node_modules/.bun/@babel+helper-string-parser@7.29.7/node_modules/@babel/helper-string-parser,ecbd1aaffa9ad000d3bc5a526067b89244cb3ec64c738fbae8b64a9e805f401b
@babel/code-frame,7.29.7,False,False,,,js-or-native-no-declaration-found,,,4,0,0,0,1,0,/home/cyber/Work/reddb.io/redcode/node_modules/.bun/@babel+code-frame@7.29.7/node_modules/@babel/code-frame,f9cccb2e601db93851f10935b4e723c95a730c467f187462eb54b16bb353b036
js-tokens,4.0.0,False,False,,,js-or-native-no-declaration-found,,,2,0,0,0,1,0,/home/cyber/Work/reddb.io/redcode/node_modules/.bun/js-tokens@4.0.0/node_modules/js-tokens,47345931827b3e26db9fe690abb81f856a0d040cbca8af1e69711a64cd58ce0d
@babel/helper-globals,7.29.7,False,False,,,js-or-native-no-declaration-found,,,1,0,0,0,0,0,/home/cyber/Work/reddb.io/redcode/node_modules/.bun/@babel+helper-globals@7.29.7/node_modules/@babel/helper-globals,c06a17222ad81933dbae3768fe59cd6737ebdcfa88b84097f3a8e659e28d2c9f
jsesc,3.1.0,False,False,,,js-or-native-no-declaration-found,,,1,0,0,0,1,0,/home/cyber/Work/reddb.io/redcode/node_modules/.bun/jsesc@3.1.0/node_modules/jsesc,6127ab2ccfbf576671dcfedcf2a8d97c9bbb3e5e4cff1274b3210b86a97a287c
@babel/helpers,7.29.7,False,False,,,js-or-native-no-declaration-found,,,2,0,0,0,124,0,/home/cyber/Work/reddb.io/redcode/node_modules/.bun/@babel+helpers@7.29.7/node_modules/@babel/helpers,df7df113698c9c45f0bb08c2e4fe097131dabf58dbeb23c676eb355f782c4aa3
@babel/helper-module-transforms,7.29.7,False,False,,,js-or-native-no-declaration-found,,,2,0,0,0,7,0,/home/cyber/Work/reddb.io/redcode/node_modules/.bun/@babel+helper-module-transforms@7.29.7+e33be1330ecc2599/node_modules/@babel/helper-module-transforms,4f5010bdec7a80d93d84a1ecff8fbdd0a9a865f1bd22ceb5b0215a07255de3b3
@babel/helper-module-imports,7.29.7,False,False,,,js-or-native-no-declaration-found,,,3,0,0,0,4,0,/home/cyber/Work/reddb.io/redcode/node_modules/.bun/@babel+helper-module-imports@7.29.7+759ce506b1ed1a42/node_modules/@babel/helper-module-imports,fa2e7c54b6b86e250770f9b2703571bcff0c8166995e01c756539745859fedb7
@babel/helper-compilation-targets,7.29.7,False,False,,,js-or-native-no-declaration-found,,,2,0,0,0,7,0,/home/cyber/Work/reddb.io/redcode/node_modules/.bun/@babel+helper-compilation-targets@7.29.7/node_modules/@babel/helper-compilation-targets,6ac5b42b124c964fb3c0feed98cd2c13aaf5c5827021374db6884bab91f206d2
yallist,3.1.1,False,False,,,js-or-native-no-declaration-found,,,1,0,0,0,2,0,/home/cyber/Work/reddb.io/redcode/node_modules/.bun/yallist@3.1.1/node_modules/yallist,27699a6415a43f128c0e8ddcd5bf6e265f6cf3a581a9d959c11b977244fadc34
node-releases,2.0.46,False,False,,,js-or-native-no-declaration-found,,,1,0,0,0,0,0,/home/cyber/Work/reddb.io/redcode/node_modules/.bun/node-releases@2.0.46/node_modules/node-releases,37f13b708306af46883a9a2cf0cc99b2b6a58cd905f24088c161d0d253f7a754
electron-to-chromium,1.5.364,False,False,,,js-or-native-no-declaration-found,,,1,0,0,0,5,0,/home/cyber/Work/reddb.io/redcode/node_modules/.bun/electron-to-chromium@1.5.364/node_modules/electron-to-chromium,7cdf7f2b73e27590b56530ed0679333dfbbda5e4c571ef074ff1b65a544e9858
caniuse-lite,1.0.30001793,False,False,,,js-or-native-no-declaration-found,,,1,0,0,0,836,0,/home/cyber/Work/reddb.io/redcode/node_modules/.bun/caniuse-lite@1.0.30001793/node_modules/caniuse-lite,646e87c588f0240b4cf0aa95f621ab51b2c3c4c8e67cecba682ced3b30c241b2
@babel/helper-validator-option,7.29.7,False,False,,,js-or-native-no-declaration-found,,,2,0,0,0,3,0,/home/cyber/Work/reddb.io/redcode/node_modules/.bun/@babel+helper-validator-option@7.29.7/node_modules/@babel/helper-validator-option,b2d7eca451e536f18f4757a54be48df604385ad978508e32ce8f2edb4973f257
@babel/compat-data,7.29.7,False,False,,,js-or-native-no-declaration-found,,,1,0,0,0,6,0,/home/cyber/Work/reddb.io/redcode/node_modules/.bun/@babel+compat-data@7.29.7/node_modules/@babel/compat-data,a871a1f7397a91d00f877751ab2da88904ff1dd30c5bb4ab2e5badd9f3adf6d4
babel-plugin-jsx-dom-expressions,0.40.7,False,False,,,js-no-declarations-jsdoc-candidate,,,1,0,0,0,1,0,/home/cyber/Work/reddb.io/redcode/node_modules/.bun/babel-plugin-jsx-dom-expressions@0.40.7+e33be1330ecc2599/node_modules/babel-plugin-jsx-dom-expressions,d600b4b1105197833d7ab681c976cb32c8f6e3aad6075b9e7a269007b9d0e59d
@babel/plugin-syntax-jsx,7.29.7,False,False,,,js-or-native-no-declaration-found,,,2,0,0,0,1,0,/home/cyber/Work/reddb.io/redcode/node_modules/.bun/@babel+plugin-syntax-jsx@7.29.7+e33be1330ecc2599/node_modules/@babel/plugin-syntax-jsx,0837c35659148215b2804bfb7581486a66a11c4bf6ea7d4a7dd09a16b9968bad
@babel/helper-plugin-utils,7.29.7,False,False,,,js-or-native-no-declaration-found,,,8,0,0,0,1,0,/home/cyber/Work/reddb.io/redcode/node_modules/.bun/@babel+helper-plugin-utils@7.29.7/node_modules/@babel/helper-plugin-utils,2ce650d5c6bd8c1d1111ada7f39de65c48c227c25af74031493a377eb9fc3691
@babel/helper-module-imports,7.18.6,False,False,,,js-or-native-no-declaration-found,,,2,0,0,0,4,0,/home/cyber/Work/reddb.io/redcode/node_modules/.bun/@babel+helper-module-imports@7.18.6/node_modules/@babel/helper-module-imports,7de6960fa01aebae6c23566b1b7714e08a986e2b6c4005e60a9d07b799a83df7
babel-plugin-module-resolver,5.0.2,False,False,,,js-or-native-no-declaration-found,,,1,0,0,0,9,0,/home/cyber/Work/reddb.io/redcode/node_modules/.bun/babel-plugin-module-resolver@5.0.2/node_modules/babel-plugin-module-resolver,5863fe41037b54aa8b00f4f009b2d690520bf5c27ffefaad24c77be5f6454afc
resolve,1.22.12,False,False,,,js-or-native-no-declaration-found,,,1,0,0,0,73,0,/home/cyber/Work/reddb.io/redcode/node_modules/.bun/resolve@1.22.12/node_modules/resolve,e4f9221a50e017b41b7c5c286f257108b2496327d10ccaf2a460592849e756dc
supports-preserve-symlinks-flag,1.0.0,False,False,,,js-or-native-no-declaration-found,,,1,0,0,0,3,0,/home/cyber/Work/reddb.io/redcode/node_modules/.bun/supports-preserve-symlinks-flag@1.0.0/node_modules/supports-preserve-symlinks-flag,aef0ae2d21ae9181d8702c2063ce0ee274ba1063e5312e4baab5673aa6d4d5db
path-parse,1.0.7,False,False,,,js-or-native-no-declaration-found,,,1,0,0,0,1,0,/home/cyber/Work/reddb.io/redcode/node_modules/.bun/path-parse@1.0.7/node_modules/path-parse,9c680ecfd322afe056b4ccbfdb6c7043342276903f017c0a29b77c3926790d13
is-core-module,2.16.2,False,False,,,js-or-native-no-declaration-found,,,1,0,0,0,2,0,/home/cyber/Work/reddb.io/redcode/node_modules/.bun/is-core-module@2.16.2/node_modules/is-core-module,49d7841f3d48b2a09473b294a720b857d4450b10f4858d509edacb443555312e
function-bind,1.1.2,False,False,,,js-or-native-no-declaration-found,,,3,0,0,0,3,0,/home/cyber/Work/reddb.io/redcode/node_modules/.bun/function-bind@1.1.2/node_modules/function-bind,edb1c4faf4148e6e3d74ed8dbac1a1dc359a647ff4207aad4851396dc7a3559a
fs.realpath,1.0.0,False,False,,,js-or-native-no-declaration-found,,,1,0,0,0,2,0,/home/cyber/Work/reddb.io/redcode/node_modules/.bun/fs.realpath@1.0.0/node_modules/fs.realpath,2985019b1b3cf5894df9b831816f7b480833931da982489e3a98c346ce7da897
find-babel-config,2.1.2,False,False,,,js-or-native-no-declaration-found,,,1,0,0,0,1,0,/home/cyber/Work/reddb.io/redcode/node_modules/.bun/find-babel-config@2.1.2/node_modules/find-babel-config,9b8e87a8e4e61844eea867c0fcc3196644a3eaf1f861654c68bc74cc52f5ed82
@babel/preset-typescript,7.27.1,False,False,,,js-or-native-no-declaration-found,,,1,0,0,0,1,0,/home/cyber/Work/reddb.io/redcode/node_modules/.bun/@babel+preset-typescript@7.27.1+e33be1330ecc2599/node_modules/@babel/preset-typescript,3fec320a12234902bb37c607febb4810c463526e16932ed50d3f06dbb1f23a14
@babel/plugin-transform-typescript,7.29.7,False,False,,,js-or-native-no-declaration-found,,,1,0,0,0,5,0,/home/cyber/Work/reddb.io/redcode/node_modules/.bun/@babel+plugin-transform-typescript@7.29.7+e33be1330ecc2599/node_modules/@babel/plugin-transform-typescript,9988bb94d4b39d69433fde46f724d589881f0f7d621f99595f00e17034aad90e
@babel/plugin-syntax-typescript,7.29.7,False,False,,,js-or-native-no-declaration-found,,,1,0,0,0,1,0,/home/cyber/Work/reddb.io/redcode/node_modules/.bun/@babel+plugin-syntax-typescript@7.29.7+e33be1330ecc2599/node_modules/@babel/plugin-syntax-typescript,b0e1f617ded02fff4bd37f96777124b2bcf1afbe72d397be0e5924345f610de1
@babel/helper-skip-transparent-expression-wrappers,7.29.7,False,False,,,js-or-native-no-declaration-found,,,2,0,0,0,1,0,/home/cyber/Work/reddb.io/redcode/node_modules/.bun/@babel+helper-skip-transparent-expression-wrappers@7.29.7+759ce506b1ed1a42/node_modules/@babel/helper-skip-transparent-expression-wrappers,6a8c48a2c0e7f81b1f854e69bae96c9bae8eb45b3a8c7757731e940d8f16dc85
@babel/helper-create-class-features-plugin,7.29.7,False,False,,,js-or-native-no-declaration-found,,,1,0,0,0,7,0,/home/cyber/Work/reddb.io/redcode/node_modules/.bun/@babel+helper-create-class-features-plugin@7.29.7+e33be1330ecc2599/node_modules/@babel/helper-create-class-features-plugin,98c59534f872c577c3c03aec98bde276cc356b850c3894a96fdfa6e65460b020
@babel/helper-replace-supers,7.29.7,False,False,,,js-or-native-no-declaration-found,,,1,0,0,0,1,0,/home/cyber/Work/reddb.io/redcode/node_modules/.bun/@babel+helper-replace-supers@7.29.7+e33be1330ecc2599/node_modules/@babel/helper-replace-supers,db3dc19e66e98de4d12d83e03a83e616a561d2f687041bce5fc0b1780d8f221c
@babel/helper-optimise-call-expression,7.29.7,False,False,,,js-or-native-no-declaration-found,,,2,0,0,0,1,0,/home/cyber/Work/reddb.io/redcode/node_modules/.bun/@babel+helper-optimise-call-expression@7.29.7/node_modules/@babel/helper-optimise-call-expression,1f6548d17784a2ce269838cb2defb20a7ac1d144feb40bcd626743c2c060f3b8
@babel/helper-member-expression-to-functions,7.29.7,False,False,,,js-or-native-no-declaration-found,,,2,0,0,0,1,0,/home/cyber/Work/reddb.io/redcode/node_modules/.bun/@babel+helper-member-expression-to-functions@7.29.7+759ce506b1ed1a42/node_modules/@babel/helper-member-expression-to-functions,89324fc5a5f7afc823c8334352336f8cca5982340aa9f2ae09843c29ef5e836a
@babel/helper-annotate-as-pure,7.29.7,False,False,,,js-or-native-no-declaration-found,,,2,0,0,0,1,0,/home/cyber/Work/reddb.io/redcode/node_modules/.bun/@babel+helper-annotate-as-pure@7.29.7/node_modules/@babel/helper-annotate-as-pure,2fb83cc5029a69241bc3005b23e67e69d77cee3aa73f42e75d9177e5c125e266
@babel/plugin-transform-modules-commonjs,7.29.7,False,False,,,js-or-native-no-declaration-found,,,1,0,0,0,4,0,/home/cyber/Work/reddb.io/redcode/node_modules/.bun/@babel+plugin-transform-modules-commonjs@7.29.7+e33be1330ecc2599/node_modules/@babel/plugin-transform-modules-commonjs,3e66eb961bea7dd63197fc42d60f65a679e5ea480535368a0bc3a318ed216274
mime-db,1.54.0,False,False,,,js-or-native-no-declaration-found,,,1,0,0,0,1,0,/home/cyber/Work/reddb.io/redcode/node_modules/.bun/mime-db@1.54.0/node_modules/mime-db,33bdbb99915697ac01df12490b9d479a55529123842e67975e6d76d0010aa142
strip-bom-string,1.0.0,False,False,,,js-or-native-no-declaration-found,,,1,0,0,0,1,0,/home/cyber/Work/reddb.io/redcode/node_modules/.bun/strip-bom-string@1.0.0/node_modules/strip-bom-string,c2934f71a799371c0c9ccf45b083361764a9156a8ec3e5bf294bc49be6928027
section-matter,1.0.0,False,False,,,js-no-declarations-jsdoc-candidate,,,1,0,0,0,1,0,/home/cyber/Work/reddb.io/redcode/node_modules/.bun/section-matter@1.0.0/node_modules/section-matter,2ae4b7a0764c94801ac69852166e662299e7a024a44a95ad187c01207c117b7a
kind-of,6.0.3,False,False,,,js-or-native-no-declaration-found,,,2,0,0,0,1,0,/home/cyber/Work/reddb.io/redcode/node_modules/.bun/kind-of@6.0.3/node_modules/kind-of,0710f74718210573ae878c0a733775d2ad9e9d5a5053f0521cbf9347a39a01ec
extend-shallow,2.0.1,False,False,,,js-or-native-no-declaration-found,,,1,0,0,0,1,0,/home/cyber/Work/reddb.io/redcode/node_modules/.bun/extend-shallow@2.0.1/node_modules/extend-shallow,c9c30569136a689a038356c1e4a5bb711f3520407d364cd96381ab009a8cd985
is-extendable,0.1.1,False,False,,,js-or-native-no-declaration-found,,,1,0,0,0,1,0,/home/cyber/Work/reddb.io/redcode/node_modules/.bun/is-extendable@0.1.1/node_modules/is-extendable,eb1fccd73d67e1f2356e1b17df7dc0f235d3d98b4a11c7430e3e476fd410d535
esprima,4.0.1,False,False,,,js-or-native-no-declaration-found,,,1,0,0,0,3,0,/home/cyber/Work/reddb.io/redcode/node_modules/.bun/esprima@4.0.1/node_modules/esprima,860df2e62153db26b370badf352d95edbf18e1eb54bdc2a479429b97155205b2
argparse,1.0.10,False,False,,,js-or-native-no-declaration-found,,,1,0,0,0,23,0,/home/cyber/Work/reddb.io/redcode/node_modules/.bun/argparse@1.0.10/node_modules/argparse,48b848e56c31eda738f76fb8573ae1fe0012c4b1ec9d9cfe8783517a142e9531
sprintf-js,1.0.3,False,False,,,js-or-native-no-declaration-found,,,1,0,0,0,6,0,/home/cyber/Work/reddb.io/redcode/node_modules/.bun/sprintf-js@1.0.3/node_modules/sprintf-js,f7ed5a0dc9b4c939e92be6acdf3bd83abc3d7e5def9c1307f3c9f53bd7cb2f8c
sqlstring,2.3.3,False,False,,,js-or-native-no-declaration-found,,,1,0,0,0,2,0,/home/cyber/Work/reddb.io/redcode/node_modules/.bun/sqlstring@2.3.3/node_modules/sqlstring,87e9a06076225ed5845adf1a481a8628da793e151adfe850316f9e6c40c222c1
seq-queue,0.0.5,False,False,,,js-or-native-no-declaration-found,,,1,0,0,0,3,0,/home/cyber/Work/reddb.io/redcode/node_modules/.bun/seq-queue@0.0.5/node_modules/seq-queue,cc2c3b2cfd2236ca0c963f25b28f608b4b60b8021511a60fb50db5e3c2d195b1
named-placeholders,1.1.6,False,False,,,js-or-native-no-declaration-found,,,1,0,0,0,1,0,/home/cyber/Work/reddb.io/redcode/node_modules/.bun/named-placeholders@1.1.6/node_modules/named-placeholders,0b44a6c87dc2784ab7f3ad4ab5af2cd6a3a46128182cdf0fdc3b930175e14004
safer-buffer,2.1.2,False,False,,,js-or-native-no-declaration-found,,,2,0,0,0,3,0,/home/cyber/Work/reddb.io/redcode/node_modules/.bun/safer-buffer@2.1.2/node_modules/safer-buffer,4247a3a63c45a6a7ced1557fe4dd9d2a163af4915d594b95e5867b69a53edb52
generate-function,2.3.1,False,False,,,js-or-native-no-declaration-found,,,1,0,0,0,3,0,/home/cyber/Work/reddb.io/redcode/node_modules/.bun/generate-function@2.3.1/node_modules/generate-function,1726f2afc0c63cf76c6476efd8d2f581c238274dab10bc99137ca5bcde22747b
is-property,1.0.2,False,False,,,js-or-native-no-declaration-found,,,1,0,0,0,1,0,/home/cyber/Work/reddb.io/redcode/node_modules/.bun/is-property@1.0.2/node_modules/is-property,333f5b8f801c13729b10aa319d5ef3341183ea6966d1b6191c2ae24a50eada22
shebang-command,2.0.0,False,False,,,js-or-native-no-declaration-found,,,1,0,0,0,1,0,/home/cyber/Work/reddb.io/redcode/node_modules/.bun/shebang-command@2.0.0/node_modules/shebang-command,44de390ae5ed6c5f9758b8b9c90b93fa53977d5361731600429f1de08f4b3f30
strip-final-newline,3.0.0,False,False,,,js-or-native-no-declaration-found,,,1,0,0,0,1,0,/home/cyber/Work/reddb.io/redcode/node_modules/.bun/strip-final-newline@3.0.0/node_modules/strip-final-newline,090b5dd0e31fd9277baf0e629aff42c0d45110137fe66b35551c65b11568fb15
merge-stream,2.0.0,False,False,,,js-or-native-no-declaration-found,,,1,0,0,0,1,0,/home/cyber/Work/reddb.io/redcode/node_modules/.bun/merge-stream@2.0.0/node_modules/merge-stream,2b73a84c1b323ff92c14604a42f9e2eef8bae799a0d7cd8fb392c45c47d3513f
loose-envify,1.4.0,False,False,,,js-or-native-no-declaration-found,,,1,0,0,0,5,0,/home/cyber/Work/reddb.io/redcode/node_modules/.bun/loose-envify@1.4.0/node_modules/loose-envify,8c2e27dae366396ced36fe0f7c6d35d71a1440fd8e82df5f2005a5297888a0d4
@ungap/structured-clone,1.3.1,False,False,,,js-no-declarations-jsdoc-candidate,,,1,0,0,0,11,0,/home/cyber/Work/reddb.io/redcode/node_modules/.bun/@ungap+structured-clone@1.3.1/node_modules/@ungap/structured-clone,552a53efb9a9b51ef57811ab09cec601e3566759bdb024b513bb12e9eea45b31
react-dom,19.2.8,False,False,,,js-or-native-no-declaration-found,,,2,0,0,0,40,0,/home/cyber/Work/reddb.io/redcode/node_modules/.bun/react-dom@19.2.8+5e44392892a7cd3e/node_modules/react-dom,7c82f0967114d4b5d38b1f07e543af87c9919e8d3243f9604004819319cb2200
react-dom,19.2.8,False,False,,,js-or-native-no-declaration-found,,,2,0,0,0,40,0,/home/cyber/Work/reddb.io/redcode/node_modules/.bun/react-dom@19.2.8+0f58469d5b3bd39f/node_modules/react-dom,7c82f0967114d4b5d38b1f07e543af87c9919e8d3243f9604004819319cb2200
@swc/helpers,0.5.23,False,False,,,js-or-native-no-declaration-found,,,2,0,0,0,328,0,/home/cyber/Work/reddb.io/redcode/node_modules/.bun/@swc+helpers@0.5.23/node_modules/@swc/helpers,10ee79b75759afbf8cfa2b8e5a2eff946c487143e935fc31b2433aa68be84596
source-map-support,0.5.21,False,False,,,js-no-declarations-jsdoc-candidate,,,1,0,0,0,4,0,/home/cyber/Work/reddb.io/redcode/node_modules/.bun/source-map-support@0.5.21/node_modules/source-map-support,f54089d5208d092e8bebc7547a3bd2dc35d27668717158bfc3562c55ec4861bf
buffer-from,1.1.2,False,False,,,js-or-native-no-declaration-found,,,1,0,0,0,1,0,/home/cyber/Work/reddb.io/redcode/node_modules/.bun/buffer-from@1.1.2/node_modules/buffer-from,f7cde31d1db3e71738045206397d472e1f12513643ba4b9fd60ea337f22b1e3f
lightningcss-linux-x64-musl,1.30.1,False,False,,,js-or-native-no-declaration-found,,,1,0,0,0,0,1,/home/cyber/Work/reddb.io/redcode/node_modules/.bun/lightningcss-linux-x64-musl@1.30.1/node_modules/lightningcss-linux-x64-musl,a4715dc0310885e5c5192b543ebd4e9f8b6a8223a0124c323600f6a15328b964
lightningcss-linux-x64-gnu,1.30.1,False,False,,,js-or-native-no-declaration-found,,,1,0,0,0,0,1,/home/cyber/Work/reddb.io/redcode/node_modules/.bun/lightningcss-linux-x64-gnu@1.30.1/node_modules/lightningcss-linux-x64-gnu,5a0828631dae02f1e2896770a2e7b1ad925c63a4108669c3ab7aabe8bf258977
picomatch,4.0.4,False,False,,,js-or-native-no-declaration-found,,,3,0,0,0,7,0,/home/cyber/Work/reddb.io/redcode/node_modules/.bun/picomatch@4.0.4/node_modules/picomatch,b8deb10b4e1f7cc2fe8236a70995f4c6b5ec3ecf93f02f2b6427a8600d2c1d20
@rollup/rollup-linux-x64-musl,4.60.4,False,False,,,js-or-native-no-declaration-found,,,1,0,0,0,0,1,/home/cyber/Work/reddb.io/redcode/node_modules/.bun/@rollup+rollup-linux-x64-musl@4.60.4/node_modules/@rollup/rollup-linux-x64-musl,fe5adf440b6ea36943039987e3d04f20a93758f447ba2eba6313cc1f47e0a1a0
@rollup/rollup-linux-x64-gnu,4.60.4,False,False,,,js-or-native-no-declaration-found,,,1,0,0,0,0,1,/home/cyber/Work/reddb.io/redcode/node_modules/.bun/@rollup+rollup-linux-x64-gnu@4.60.4/node_modules/@rollup/rollup-linux-x64-gnu,9cdeafa85184306d8a20d11b4caa4f65b47630132860389d008a2e5fae720468
@esbuild/linux-x64,0.25.12,False,False,,,js-or-native-no-declaration-found,,,1,0,0,0,0,0,/home/cyber/Work/reddb.io/redcode/node_modules/.bun/@esbuild+linux-x64@0.25.12/node_modules/@esbuild/linux-x64,fdf02f1b53a4651a3eea731e2ad0a9c7d4fd8646430a5935d551e610e8d469fc
min-indent,1.0.1,False,False,,,js-or-native-no-declaration-found,,,1,0,0,0,1,0,/home/cyber/Work/reddb.io/redcode/node_modules/.bun/min-indent@1.0.1/node_modules/min-indent,3564f623842952c2b51a77b2f31a1e00ea245ba6b31f9f9d59a3c0c1afd5b215
css.escape,1.5.1,False,False,,,js-or-native-no-declaration-found,,,1,0,0,0,1,0,/home/cyber/Work/reddb.io/redcode/node_modules/.bun/css.escape@1.5.1/node_modules/css.escape,77766896bc04668e5777b54038a30ba198cc1eb317c1675e29781d67499e6055
babel-preset-solid,1.9.12,False,False,,,js-or-native-no-declaration-found,,,1,0,0,0,1,0,/home/cyber/Work/reddb.io/redcode/node_modules/.bun/babel-preset-solid@1.9.12+c2fc9f73562d180f/node_modules/babel-preset-solid,8713d5a4d0f15d13ba58c21dbb93f2e5bbfbb7d74b3e2f11c13e3811b50931c9
@babel/helper-module-transforms,7.29.7,False,False,,,js-or-native-no-declaration-found,,,1,0,0,0,7,0,/home/cyber/Work/reddb.io/redcode/node_modules/.bun/@babel+helper-module-transforms@7.29.7+4c394a5bacf971ee/node_modules/@babel/helper-module-transforms,4f5010bdec7a80d93d84a1ecff8fbdd0a9a865f1bd22ceb5b0215a07255de3b3
babel-plugin-jsx-dom-expressions,0.40.7,False,False,,,js-no-declarations-jsdoc-candidate,,,1,0,0,0,1,0,/home/cyber/Work/reddb.io/redcode/node_modules/.bun/babel-plugin-jsx-dom-expressions@0.40.7+4c394a5bacf971ee/node_modules/babel-plugin-jsx-dom-expressions,d600b4b1105197833d7ab681c976cb32c8f6e3aad6075b9e7a269007b9d0e59d
@babel/plugin-syntax-jsx,7.29.7,False,False,,,js-or-native-no-declaration-found,,,1,0,0,0,1,0,/home/cyber/Work/reddb.io/redcode/node_modules/.bun/@babel+plugin-syntax-jsx@7.29.7+4c394a5bacf971ee/node_modules/@babel/plugin-syntax-jsx,0837c35659148215b2804bfb7581486a66a11c4bf6ea7d4a7dd09a16b9968bad
ssh2,1.16.0,False,False,,,js-or-native-no-declaration-found,,,1,0,0,0,39,0,/home/cyber/Work/reddb.io/redcode/node_modules/.bun/ssh2@1.16.0/node_modules/ssh2,9317386645e58bdf87a8159d84e320ce51043f652ac998ab9eba69959bd56219
nan,2.28.0,False,False,,,js-or-native-no-declaration-found,,,2,0,0,0,2,0,/home/cyber/Work/reddb.io/redcode/node_modules/.bun/nan@2.28.0/node_modules/nan,f22a41f3c47eeb15df9fe604b7336f7488027c10f92cff60df4e0a853eb1ccce
cpu-features,0.0.10,False,False,,,js-or-native-no-declaration-found,,,1,0,0,0,4,0,/home/cyber/Work/reddb.io/redcode/node_modules/.bun/cpu-features@0.0.10/node_modules/cpu-features,c47e0020f5434c5b87b7a108c07fd7042656c2524ca2387c4b132adde52fa985
buildcheck,0.0.7,False,False,,,js-or-native-no-declaration-found,,,1,0,0,0,4,0,/home/cyber/Work/reddb.io/redcode/node_modules/.bun/buildcheck@0.0.7/node_modules/buildcheck,8595d74bff1913518d2a2f9205edd42ab9392f51479a195df5a1cd0996d9ac62
bcrypt-pbkdf,1.0.2,False,False,,,js-or-native-no-declaration-found,,,1,0,0,0,1,0,/home/cyber/Work/reddb.io/redcode/node_modules/.bun/bcrypt-pbkdf@1.0.2/node_modules/bcrypt-pbkdf,06fc161a503054580e1e975c384436da3901ee5c6cbd9a29454947c669fe8890
asn1,0.2.6,False,False,,,js-or-native-no-declaration-found,,,1,0,0,0,6,0,/home/cyber/Work/reddb.io/redcode/node_modules/.bun/asn1@0.2.6/node_modules/asn1,9931ef8d2e8857b7be3cc1fb13af4c943165046fe66337a8d7fec50fee8a5764
uhyphen,0.2.0,False,False,,,js-or-native-no-declaration-found,,,1,0,0,0,5,0,/home/cyber/Work/reddb.io/redcode/node_modules/.bun/uhyphen@0.2.0/node_modules/uhyphen,5909de06aab4c4a969deb4c758541f5ec0584a651160f00fbbf73998d591024a
html-escaper,3.0.3,False,False,,,js-no-declarations-jsdoc-candidate,,,1,0,0,0,5,0,/home/cyber/Work/reddb.io/redcode/node_modules/.bun/html-escaper@3.0.3/node_modules/html-escaper,d9417e798be1f2f1183ee86e7c32e144f531c373afb19002d4e2f2faeb4214ab
cssom,0.5.0,False,False,,,js-or-native-no-declaration-found,,,1,0,0,0,23,0,/home/cyber/Work/reddb.io/redcode/node_modules/.bun/cssom@0.5.0/node_modules/cssom,f9babfc8744f2ed28a3661c14d6d8a0a015bdf437c52f996f5cc6111cb400237
gifenc,1.0.3,False,False,,,js-or-native-no-declaration-found,,,1,0,0,0,10,0,/home/cyber/Work/reddb.io/redcode/node_modules/.bun/gifenc@1.0.3/node_modules/gifenc,4f2e8d4abc4e3f421211778eb43f915da3a8330cbe607dba8b7004357e08bfc9
react-refresh,0.17.0,False,False,,,js-or-native-no-declaration-found,,,1,0,0,0,6,0,/home/cyber/Work/reddb.io/redcode/node_modules/.bun/react-refresh@0.17.0/node_modules/react-refresh,c042bac77d19e7de2c7afca47f6d833eba942da2501138b00e0ec74865f44001
@babel/plugin-transform-react-jsx-source,7.29.7,False,False,,,js-or-native-no-declaration-found,,,1,0,0,0,1,0,/home/cyber/Work/reddb.io/redcode/node_modules/.bun/@babel+plugin-transform-react-jsx-source@7.29.7+4c394a5bacf971ee/node_modules/@babel/plugin-transform-react-jsx-source,30c834a7aa33625c91ced60574ee63683be157a0d7c5dc3df627b290dcb0f215
@babel/plugin-transform-react-jsx-self,7.29.7,False,False,,,js-or-native-no-declaration-found,,,1,0,0,0,1,0,/home/cyber/Work/reddb.io/redcode/node_modules/.bun/@babel+plugin-transform-react-jsx-self@7.29.7+4c394a5bacf971ee/node_modules/@babel/plugin-transform-react-jsx-self,f0924b0a894912d8a0a4d3d8e5d58180955d64816645a1f23d86efdf76531737
@parcel/watcher-linux-x64-musl,2.5.1,False,False,,,js-or-native-no-declaration-found,,,1,0,0,0,0,1,/home/cyber/Work/reddb.io/redcode/node_modules/.bun/@parcel+watcher-linux-x64-musl@2.5.1/node_modules/@parcel/watcher-linux-x64-musl,b3f4324da03ba9243375bae12cc221da4bfbd35960bec85383274f8c7e39b1c5
@parcel/watcher-linux-x64-glibc,2.5.1,False,False,,,js-or-native-no-declaration-found,,,1,0,0,0,0,1,/home/cyber/Work/reddb.io/redcode/node_modules/.bun/@parcel+watcher-linux-x64-glibc@2.5.1/node_modules/@parcel/watcher-linux-x64-glibc,507bd33fb3b2059e15c545ab44253ff92bb84128ff6020d0445daa60f8397c20
detect-libc,1.0.3,False,False,,,js-or-native-no-declaration-found,,,1,0,0,0,2,0,/home/cyber/Work/reddb.io/redcode/node_modules/.bun/detect-libc@1.0.3/node_modules/detect-libc,bb418f4fa450f8a418f8fc46c33727edef55aefd54c43ec6a9421a65ca8d9827
@npmcli/config,10.8.1,False,True,redcode/lildax | redcode/redcode,@npmcli/config | @npmcli/config/lib/definitions/index.js,js-or-native-no-declaration-found,no-declaration-resolved,it ships no own .d.ts declaration surface,1,0,0,0,12,0,/home/cyber/Work/reddb.io/redcode/node_modules/.bun/@npmcli+config@10.8.1/node_modules/@npmcli/config,df0db08dd94766121ae35bf4e9ef0c795b779c476297387e60ff39eebcd0ff0f
treeverse,3.0.0,False,False,,,js-or-native-no-declaration-found,,,1,0,0,0,4,0,/home/cyber/Work/reddb.io/redcode/node_modules/.bun/treeverse@3.0.0/node_modules/treeverse,f3f8ef63cba6010d27629a7e08eb87d62ad1f12056d1e6a4e32de79a159a95d4
promise-all-reject-late,1.0.1,False,False,,,js-or-native-no-declaration-found,,,1,0,0,0,2,0,/home/cyber/Work/reddb.io/redcode/node_modules/.bun/promise-all-reject-late@1.0.1/node_modules/promise-all-reject-late,ef9ce306616fe550aaefdb5d3770bf9d0dddce3b512bca8f1e621f0401850fae
proggy,4.0.0,False,False,,,js-or-native-no-declaration-found,,,1,0,0,0,3,0,/home/cyber/Work/reddb.io/redcode/node_modules/.bun/proggy@4.0.0/node_modules/proggy,fc365eeaab0c30878536a397103e405837e5751b1ba57a31678b4ad63e88f339
parse-conflict-json,5.0.1,False,False,,,js-or-native-no-declaration-found,,,1,0,0,0,1,0,/home/cyber/Work/reddb.io/redcode/node_modules/.bun/parse-conflict-json@5.0.1/node_modules/parse-conflict-json,b379f166fdb794ff8ebd509946aa8caac4f09c65b74c0ffccee7af8e53eb600a
make-fetch-happen,15.0.6,False,False,,,js-or-native-no-declaration-found,,,3,0,0,0,10,0,/home/cyber/Work/reddb.io/redcode/node_modules/.bun/make-fetch-happen@15.0.6+759ce506b1ed1a42/node_modules/make-fetch-happen,8c60f3dc6aa9d98a286228766dfc00373ef41dc0919cd94cb3a3947601b7a93f
negotiator,1.0.0,False,False,,,js-no-declarations-jsdoc-candidate,,,2,0,0,0,5,0,/home/cyber/Work/reddb.io/redcode/node_modules/.bun/negotiator@1.0.0/node_modules/negotiator,a33b5a293825b22957629dafe778ea4164e577499418cd907d937b874f27675a
minipass-pipeline,1.2.4,False,False,,,js-or-native-no-declaration-found,,,2,0,0,0,1,0,/home/cyber/Work/reddb.io/redcode/node_modules/.bun/minipass-pipeline@1.2.4/node_modules/minipass-pipeline,c20f059ca6012af5a3d255948c7ab1fccc06ad1d0019c669b08ba251cd4b281d
yallist,4.0.0,False,False,,,js-or-native-no-declaration-found,,,1,0,0,0,2,0,/home/cyber/Work/reddb.io/redcode/node_modules/.bun/yallist@4.0.0/node_modules/yallist,c56b604bce814520105739e9559142ea9d4417454ebb933fd5687ca1d8d89bd5
minipass-flush,1.0.7,False,False,,,js-or-native-no-declaration-found,,,2,0,0,0,1,0,/home/cyber/Work/reddb.io/redcode/node_modules/.bun/minipass-flush@1.0.7/node_modules/minipass-flush,00eb6d6a76a29658c56bfc079f9e5ec008ae6ba136b83467777948280077185c
minipass-fetch,5.0.2,False,False,,,js-or-native-no-declaration-found,,,2,0,0,0,8,0,/home/cyber/Work/reddb.io/redcode/node_modules/.bun/minipass-fetch@5.0.2/node_modules/minipass-fetch,6266751b5239649224002236a0001b8d82d8d69cfc163b567334421b6498e6cf
minipass-collect,2.0.1,False,False,,,js-or-native-no-declaration-found,,,1,0,0,0,1,0,/home/cyber/Work/reddb.io/redcode/node_modules/.bun/minipass-collect@2.0.1/node_modules/minipass-collect,042ab826c5440a7d01a1cafae44c54840618319e2e64ed40df006c542b0768f8
fs-minipass,3.0.3,False,False,,,js-or-native-no-declaration-found,,,2,0,0,0,1,0,/home/cyber/Work/reddb.io/redcode/node_modules/.bun/fs-minipass@3.0.3/node_modules/fs-minipass,e90117e65341117ce56ab6aaa8b59291210601f69c63996fbe446a9a30237fc6
@npmcli/fs,5.0.0,False,False,,,js-or-native-no-declaration-found,,,2,0,0,0,9,0,/home/cyber/Work/reddb.io/redcode/node_modules/.bun/@npmcli+fs@5.0.0/node_modules/@npmcli/fs,c27ca6b38eefd385d7b206b3660fdaebcc74a2228300f9e25b93b205e9cd642c
@npmcli/redact,4.0.0,False,False,,,js-or-native-no-declaration-found,,,3,0,0,0,6,0,/home/cyber/Work/reddb.io/redcode/node_modules/.bun/@npmcli+redact@4.0.0/node_modules/@npmcli/redact,4a303270d5810fdd1c02902d98c7d56f89a710e084cc402c79b48ea15936bd6d
@npmcli/agent,4.0.2,False,False,,,js-or-native-no-declaration-found,,,1,0,0,0,6,0,/home/cyber/Work/reddb.io/redcode/node_modules/.bun/@npmcli+agent@4.0.2+759ce506b1ed1a42/node_modules/@npmcli/agent,3612c09c2741e44541faddecee97c4618794909ecf0e3555e56ebabf38a379a8
jsonparse,1.3.1,False,False,,,js-or-native-no-declaration-found,,,1,0,0,0,10,0,/home/cyber/Work/reddb.io/redcode/node_modules/.bun/jsonparse@1.3.1/node_modules/jsonparse,fd84a394475582d3aca1da89b9d2dbb193ba7952da9f8c01a5a5474505185a29
npm-packlist,10.0.4,False,False,,,js-or-native-no-declaration-found,,,1,0,0,0,1,0,/home/cyber/Work/reddb.io/redcode/node_modules/.bun/npm-packlist@10.0.4/node_modules/npm-packlist,3c5c03cb5933b95708c35e479b2cdbbe71d0f44eb1fb1729e59ee2f6ac14807d
ignore-walk,8.0.0,False,False,,,js-or-native-no-declaration-found,,,1,0,0,0,1,0,/home/cyber/Work/reddb.io/redcode/node_modules/.bun/ignore-walk@8.0.0/node_modules/ignore-walk,50d9f31359090c64a83515b51e950171426eff75efe9419347392244402c7990
@npmcli/run-script,10.0.4,False,False,,,js-or-native-no-declaration-found,,,2,0,0,0,8,0,/home/cyber/Work/reddb.io/redcode/node_modules/.bun/@npmcli+run-script@10.0.4/node_modules/@npmcli/run-script,dad6d6954819d62761c3e197117a55d0445c04e292e8ff057e7c3ac318bdfb1c
node-gyp,12.3.0,False,False,,,js-or-native-no-declaration-found,,,1,0,0,0,18,0,/home/cyber/Work/reddb.io/redcode/node_modules/.bun/node-gyp@12.3.0/node_modules/node-gyp,d19b594bcbf958f80ec6863a44be2c5bd3ad84077c1de5f57b18168014fa97bd
graceful-fs,4.2.11,False,False,,,js-or-native-no-declaration-found,,,1,0,0,0,4,0,/home/cyber/Work/reddb.io/redcode/node_modules/.bun/graceful-fs@4.2.11/node_modules/graceful-fs,5747d4ba6b17165c6ecac30ab3a331715f41c7ad546e1f1574dab1bdcb116181
@npmcli/node-gyp,5.0.0,False,False,,,js-or-native-no-declaration-found,,,2,0,0,0,1,0,/home/cyber/Work/reddb.io/redcode/node_modules/.bun/@npmcli+node-gyp@5.0.0/node_modules/@npmcli/node-gyp,027954f089896319a79ec6c33edcb51f0081b38e14b84a95ebf15db4e2bb8b0d
@npmcli/installed-package-contents,4.0.0,False,False,,,js-or-native-no-declaration-found,,,2,0,0,0,2,0,/home/cyber/Work/reddb.io/redcode/node_modules/.bun/@npmcli+installed-package-contents@4.0.0/node_modules/@npmcli/installed-package-contents,121f30c6319f3e01662ba931f28b10af7e109e2aaccaae8e2f6a32ab70b01235
npm-bundled,5.0.0,False,False,,,js-or-native-no-declaration-found,,,1,0,0,0,1,0,/home/cyber/Work/reddb.io/redcode/node_modules/.bun/npm-bundled@5.0.0/node_modules/npm-bundled,edebdd8b922d6f18f2d232a7a72607e3e5c41571ff3f5676209fccf885c4ed6f
json-stringify-nice,1.1.4,False,False,,,js-or-native-no-declaration-found,,,1,0,0,0,1,0,/home/cyber/Work/reddb.io/redcode/node_modules/.bun/json-stringify-nice@1.1.4/node_modules/json-stringify-nice,b1517d9a73d96ecf3b9c8b868f48e2bea71b8e13631bfceb2d7e9ce5830e69fa
bin-links,6.0.2,False,False,,,js-or-native-no-declaration-found,,,1,0,0,0,15,0,/home/cyber/Work/reddb.io/redcode/node_modules/.bun/bin-links@6.0.2/node_modules/bin-links,6d7b052ab427a20979e4044037ab74b8061a37abd42b51262cee16a3af9f2ffb
write-file-atomic,7.0.1,False,False,,,js-or-native-no-declaration-found,,,1,0,0,0,1,0,/home/cyber/Work/reddb.io/redcode/node_modules/.bun/write-file-atomic@7.0.1/node_modules/write-file-atomic,a587771171e3cf0aa69abe29aa66c051dfa47fd9ae7a0d55641b219dfda2ae68
read-cmd-shim,6.0.0,False,False,,,js-or-native-no-declaration-found,,,1,0,0,0,1,0,/home/cyber/Work/reddb.io/redcode/node_modules/.bun/read-cmd-shim@6.0.0/node_modules/read-cmd-shim,3e837163b414480c3080e8a8de5088c377f8cdc8d0b0a3df568cf1deb67d6fdf
cmd-shim,8.0.0,False,False,,,js-or-native-no-declaration-found,,,1,0,0,0,2,0,/home/cyber/Work/reddb.io/redcode/node_modules/.bun/cmd-shim@8.0.0/node_modules/cmd-shim,099d96f7215d10f985a75528acad5a625073c64f167489dc0eb5eee032efd3c7
@npmcli/query,5.0.0,False,False,,,js-or-native-no-declaration-found,,,1,0,0,0,1,0,/home/cyber/Work/reddb.io/redcode/node_modules/.bun/@npmcli+query@5.0.0/node_modules/@npmcli/query,3a40e24de5508329d3c41c098704defe72c94790ed01aeccbf4bef544c069888
util-deprecate,1.0.2,False,False,,,js-or-native-no-declaration-found,,,1,0,0,0,2,0,/home/cyber/Work/reddb.io/redcode/node_modules/.bun/util-deprecate@1.0.2/node_modules/util-deprecate,7bba467f049074957e693fc06672848b040c38fa071b6eed8690f5fbe090a8b2
cssesc,3.0.0,False,False,,,js-or-native-no-declaration-found,,,1,0,0,0,1,0,/home/cyber/Work/reddb.io/redcode/node_modules/.bun/cssesc@3.0.0/node_modules/cssesc,23f134be44f2877c298ca56c5464ebbe190ddb49c3ce9b82be3c73a64512d014
@npmcli/metavuln-calculator,9.0.3,False,False,,,js-or-native-no-declaration-found,,,1,0,0,0,4,0,/home/cyber/Work/reddb.io/redcode/node_modules/.bun/@npmcli+metavuln-calculator@9.0.3+759ce506b1ed1a42/node_modules/@npmcli/metavuln-calculator,c4f29f8146abad95dd5d69cd13101a28d56dc69609423d3b85267c7d6d5834ca
@isaacs/string-locale-compare,1.1.0,False,False,,,js-or-native-no-declaration-found,,,1,0,0,0,1,0,/home/cyber/Work/reddb.io/redcode/node_modules/.bun/@isaacs+string-locale-compare@1.1.0/node_modules/@isaacs/string-locale-compare,45b3f486e72a9d0e0279cda0003713dde115b7d0d75c4acfa7129cffb97e4ab3
unpipe,1.0.0,False,False,,,js-no-declarations-jsdoc-candidate,,,1,0,0,0,1,0,/home/cyber/Work/reddb.io/redcode/node_modules/.bun/unpipe@1.0.0/node_modules/unpipe,28b717f978d2a4fc72cd08236931443b63fe6586102df3d1967e2b21ea8c5e11
toidentifier,1.0.1,False,False,,,js-no-declarations-jsdoc-candidate,,,1,0,0,0,1,0,/home/cyber/Work/reddb.io/redcode/node_modules/.bun/toidentifier@1.0.1/node_modules/toidentifier,f34c59f784d43da6e633390d85d14ca60539b4676159444f313c62fcfc3b68dc
statuses,2.0.2,False,False,,,js-no-declarations-jsdoc-candidate,,,4,0,0,0,1,0,/home/cyber/Work/reddb.io/redcode/node_modules/.bun/statuses@2.0.2/node_modules/statuses,dc2508da5568ba768d94b73126cd20a5df934bc0c651ad681022236484ca156c
inherits,2.0.4,False,False,,,js-or-native-no-declaration-found,,,1,0,0,0,2,0,/home/cyber/Work/reddb.io/redcode/node_modules/.bun/inherits@2.0.4/node_modules/inherits,be645800bc94fd8de29c8ae91690549b316cc437100108aeea7b2f347693cc80
depd,2.0.0,False,False,,,js-no-declarations-jsdoc-candidate,,,3,0,0,0,2,0,/home/cyber/Work/reddb.io/redcode/node_modules/.bun/depd@2.0.0/node_modules/depd,5a3659bcc2e47b25ebf9f23f38eb9452a58920bfe4b59410bfa6fe84639a3b99
bytes,3.1.2,False,False,,,js-no-declarations-jsdoc-candidate,,,2,0,0,0,1,0,/home/cyber/Work/reddb.io/redcode/node_modules/.bun/bytes@3.1.2/node_modules/bytes,99b21c09ce812dc76a06cd87c4753247cb9615c6a8501c5a5a9d9caa22ea2d12
vary,1.1.2,False,False,,,js-no-declarations-jsdoc-candidate,,,2,0,0,0,1,0,/home/cyber/Work/reddb.io/redcode/node_modules/.bun/vary@1.1.2/node_modules/vary,73edaee964d527117a9f69d6360fbe6cec534abd9127794be01a6af58a139daa
type-is,2.1.0,False,False,,,js-no-declarations-jsdoc-candidate,,,2,0,0,0,1,0,/home/cyber/Work/reddb.io/redcode/node_modules/.bun/type-is@2.1.0/node_modules/type-is,87b5f716ec743cdf6d610487698c8558a608b6e0adac522e1a4315b94b081694
media-typer,1.1.0,False,False,,,js-no-declarations-jsdoc-candidate,,,1,0,0,0,1,0,/home/cyber/Work/reddb.io/redcode/node_modules/.bun/media-typer@1.1.0/node_modules/media-typer,9ed2fc3f9af87f2a3fbe07aff67e8cc4972f477bc06c0bf976334b5cc9c505f3
on-finished,2.4.1,False,False,,,js-no-declarations-jsdoc-candidate,,,4,0,0,0,1,0,/home/cyber/Work/reddb.io/redcode/node_modules/.bun/on-finished@2.4.1/node_modules/on-finished,c812eca4b0dee2317cb446124cb27ae8e5b993c8fdd0144886b629ef6ef53fc1
ee-first,1.1.1,False,False,,,js-no-declarations-jsdoc-candidate,,,1,0,0,0,1,0,/home/cyber/Work/reddb.io/redcode/node_modules/.bun/ee-first@1.1.1/node_modules/ee-first,a4eece6ff6b38bf7ac107323f381cc60500097a9cbdd473f5d5b45e68822cb89
fresh,2.0.0,False,False,,,js-no-declarations-jsdoc-candidate,,,2,0,0,0,1,0,/home/cyber/Work/reddb.io/redcode/node_modules/.bun/fresh@2.0.0/node_modules/fresh,3895d6c15a9e65c1cca20c675db7637423ec2d087bb221ef79e09ed2e7d34ec0
etag,1.8.1,False,False,,,js-no-declarations-jsdoc-candidate,,,2,0,0,0,1,0,/home/cyber/Work/reddb.io/redcode/node_modules/.bun/etag@1.8.1/node_modules/etag,836b9a5dd1c6af638f4602e83e2568277f9ab1f457db0b95d949c2a4ddb0462a
escape-html,1.0.3,False,False,,,js-no-declarations-jsdoc-candidate,,,4,0,0,0,1,0,/home/cyber/Work/reddb.io/redcode/node_modules/.bun/escape-html@1.0.3/node_modules/escape-html,bd320a3e9d23249f5f7d3ce72f2fa426e28a6b2704bd2b281d0c92806a1f5223
encodeurl,2.0.0,False,False,,,js-no-declarations-jsdoc-candidate,,,4,0,0,0,1,0,/home/cyber/Work/reddb.io/redcode/node_modules/.bun/encodeurl@2.0.0/node_modules/encodeurl,5df10798f4b086da95c24180d7519fa4f68e2057a48e2ff6b76b91d6ffed1e9b
parseurl,1.3.3,False,False,,,js-no-declarations-jsdoc-candidate,,,4,0,0,0,1,0,/home/cyber/Work/reddb.io/redcode/node_modules/.bun/parseurl@1.3.3/node_modules/parseurl,98c7b953c844cac7c0be2d5abc6559c6fd3a6075fd159b04c0f1bf46145bfed2
router,2.2.0,False,False,,,js-no-declarations-jsdoc-candidate,,,1,0,0,0,3,0,/home/cyber/Work/reddb.io/redcode/node_modules/.bun/router@2.2.0+759ce506b1ed1a42/node_modules/router,b77062595f89476fab6acbcde5fa8dfac3be7d7b9b0b0b69d48c84ebc13c9a06
object-inspect,1.13.4,False,False,,,js-or-native-no-declaration-found,,,4,0,0,0,26,0,/home/cyber/Work/reddb.io/redcode/node_modules/.bun/object-inspect@1.13.4/node_modules/object-inspect,21c5c63f653705f44a60f5fe93752b231caf6ff07b01805740bd89b71b2d6d8a
get-intrinsic,1.3.0,False,False,,,js-or-native-no-declaration-found,,,3,0,0,0,2,0,/home/cyber/Work/reddb.io/redcode/node_modules/.bun/get-intrinsic@1.3.0/node_modules/get-intrinsic,45b14763baacc59b0fd7b39e3ad983d5d2aaf7f5ed682f2fce9edb469826c999
math-intrinsics,1.1.0,False,False,,,types-or-ts-files-present-but-root-unresolved,,,1,0,15,0,16,0,/home/cyber/Work/reddb.io/redcode/node_modules/.bun/math-intrinsics@1.1.0/node_modules/math-intrinsics,39d74aa5a354153130706286dd60a2d8409ce0c8f66546eff2edcac0afff17e1
dunder-proto,1.0.1,False,False,,,types-or-ts-files-present-but-root-unresolved,,,1,0,2,0,5,0,/home/cyber/Work/reddb.io/redcode/node_modules/.bun/dunder-proto@1.0.1/node_modules/dunder-proto,24df71008e4225c858f389dd2728b76cf66b752256d42a38ed7930aacae7fe2b
proxy-addr,2.0.7,False,False,,,js-no-declarations-jsdoc-candidate,,,1,0,0,0,1,0,/home/cyber/Work/reddb.io/redcode/node_modules/.bun/proxy-addr@2.0.7/node_modules/proxy-addr,e490a79f8058cbb7c0e9fd3b9977013102b5cbd8d232259b93bb2ebf85834a51
forwarded,0.2.0,False,False,,,js-no-declarations-jsdoc-candidate,,,1,0,0,0,1,0,/home/cyber/Work/reddb.io/redcode/node_modules/.bun/forwarded@0.2.0/node_modules/forwarded,550a78f64b6a76bc353d6a10152af5750613d0d910f8478943176c1a6196158a
finalhandler,2.1.1,False,False,,,js-no-declarations-jsdoc-candidate,,,1,0,0,0,1,0,/home/cyber/Work/reddb.io/redcode/node_modules/.bun/finalhandler@2.1.1+759ce506b1ed1a42/node_modules/finalhandler,42f5503e57f067caf49dda0353d766f8eb4616429d3c43234ba673ee8acd1196
cookie-signature,1.2.2,False,False,,,js-no-declarations-jsdoc-candidate,,,1,0,0,0,1,0,/home/cyber/Work/reddb.io/redcode/node_modules/.bun/cookie-signature@1.2.2/node_modules/cookie-signature,c07dac3271d2ab772ac105f714c3f44bea5180a9a40bf95c2db8d6cb29bb28be
content-type,1.0.5,False,False,,,js-no-declarations-jsdoc-candidate,,,3,0,0,0,1,0,/home/cyber/Work/reddb.io/redcode/node_modules/.bun/content-type@1.0.5/node_modules/content-type,bd78a5427ffca1966621301edc6cac2146c8c1e137f122161ba90dca7ec89f77
content-disposition,1.1.0,False,False,,,js-no-declarations-jsdoc-candidate,,,1,0,0,0,1,0,/home/cyber/Work/reddb.io/redcode/node_modules/.bun/content-disposition@1.1.0/node_modules/content-disposition,20ca1508f7b48509f2e5079ef94a84d56bc5d147d31f0310bf515a8c52ecf5f7
accepts,2.0.0,False,False,,,js-no-declarations-jsdoc-candidate,,,1,0,0,0,1,0,/home/cyber/Work/reddb.io/redcode/node_modules/.bun/accepts@2.0.0/node_modules/accepts,c579f3f992d488ac2f4ae751df8fd4169f034f4b6f6716f9a3ddfaf130993d63
cors,2.8.6,False,False,,,js-or-native-no-declaration-found,,,1,0,0,0,1,0,/home/cyber/Work/reddb.io/redcode/node_modules/.bun/cors@2.8.6/node_modules/cors,b314218cdfc9e9442efd35c74c4176902c0bbd74700ba30d6055e70a76455174
object-assign,4.1.1,False,False,,,js-or-native-no-declaration-found,,,1,0,0,0,1,0,/home/cyber/Work/reddb.io/redcode/node_modules/.bun/object-assign@4.1.1/node_modules/object-assign,5990bbffa235fc675debd925d50f6c3f48a2b4526d8c9f7555cadec9029d0d7f
@lydell/node-pty-linux-x64,1.2.0-beta.12,False,False,,,js-no-declarations-jsdoc-candidate,,,1,0,0,0,7,1,/home/cyber/Work/reddb.io/redcode/node_modules/.bun/@lydell+node-pty-linux-x64@1.2.0-beta.12/node_modules/@lydell/node-pty-linux-x64,884092803b2a66b2dc9cbaa1d112f6937a6b964dc216f1dd2b3e91da167b50a9
@ff-labs/fff-bin-linux-x64-musl,0.9.4,False,False,,,js-or-native-no-declaration-found,,,1,0,0,0,0,0,/home/cyber/Work/reddb.io/redcode/node_modules/.bun/@ff-labs+fff-bin-linux-x64-musl@0.9.4/node_modules/@ff-labs/fff-bin-linux-x64-musl,0d64ea06fff11fe9edfe67756dcf76d2406cfb1db9dcb50c4d450b7af47a05d8
@ff-labs/fff-bin-linux-x64-gnu,0.9.4,False,False,,,js-or-native-no-declaration-found,,,1,0,0,0,0,0,/home/cyber/Work/reddb.io/redcode/node_modules/.bun/@ff-labs+fff-bin-linux-x64-gnu@0.9.4/node_modules/@ff-labs/fff-bin-linux-x64-gnu,4f7252b9a99ea58eaf1329148bf0cf3018756ad0a639ee7079d47837da352fa0
redis-parser,3.0.0,False,False,,,js-or-native-no-declaration-found,,,1,0,0,0,2,0,/home/cyber/Work/reddb.io/redcode/node_modules/.bun/redis-parser@3.0.0/node_modules/redis-parser,e7eccac59552a31cb59cabbee3429ad220e2ec0375fe552fab9b1d4142401a41
redis-errors,1.2.0,False,False,,,js-or-native-no-declaration-found,,,2,0,0,0,3,0,/home/cyber/Work/reddb.io/redcode/node_modules/.bun/redis-errors@1.2.0/node_modules/redis-errors,0d1efebc88f54540a2e08779a388bf1ac08ca2144faa7cf90774cebfbf4be14e
cluster-key-slot,1.1.1,False,False,,,js-no-declarations-jsdoc-candidate,,,1,0,0,0,1,0,/home/cyber/Work/reddb.io/redcode/node_modules/.bun/cluster-key-slot@1.1.1/node_modules/cluster-key-slot,a6801b1fe6f853ddd30b93ea273ba3ef2a34943cd855ff4ef266395895907674
@aws-sdk/nested-clients,3.997.13,False,False,,,types-or-ts-files-present-but-root-unresolved,,,7,0,219,0,118,0,/home/cyber/Work/reddb.io/redcode/node_modules/.bun/@aws-sdk+nested-clients@3.997.13/node_modules/@aws-sdk/nested-clients,8dee7e7c804508d263e3be2c0bff71959baf20f38a5c882ff7716307cdfde3e8
strnum,2.3.0,False,False,,,js-no-declarations-jsdoc-candidate,,,1,0,0,0,1,0,/home/cyber/Work/reddb.io/redcode/node_modules/.bun/strnum@2.3.0/node_modules/strnum,ffdd39d68a0b182b0634b4653fb0c64fc521fd326c94fa8c2735a1703eaece4f
@oslojs/crypto,1.0.1,False,False,,,types-or-ts-files-present-but-root-unresolved,,,1,0,23,0,23,0,/home/cyber/Work/reddb.io/redcode/node_modules/.bun/@oslojs+crypto@1.0.1/node_modules/@oslojs/crypto,9cd8756f8d6ef4c2769911a73171e275680a9716a1f88d8b541b345c3e495a8e
unpipe,1.0.0,False,False,,,js-no-declarations-jsdoc-candidate,,,1,0,0,0,1,0,/home/cyber/Work/reddb.io/red-skills/node_modules/.pnpm/unpipe@1.0.0/node_modules/unpipe,28b717f978d2a4fc72cd08236931443b63fe6586102df3d1967e2b21ea8c5e11
safer-buffer,2.1.2,False,False,,,js-or-native-no-declaration-found,,,1,0,0,0,3,0,/home/cyber/Work/reddb.io/red-skills/node_modules/.pnpm/safer-buffer@2.1.2/node_modules/safer-buffer,4247a3a63c45a6a7ced1557fe4dd9d2a163af4915d594b95e5867b69a53edb52
http-errors,2.0.1,False,False,,,js-no-declarations-jsdoc-candidate,,,4,0,0,0,1,0,/home/cyber/Work/reddb.io/red-skills/node_modules/.pnpm/http-errors@2.0.1/node_modules/http-errors,d540721372bf8bf77b5fad31f6567a916e24d0aeeb78c81ba92b69feea9f1eef
toidentifier,1.0.1,False,False,,,js-no-declarations-jsdoc-candidate,,,1,0,0,0,1,0,/home/cyber/Work/reddb.io/red-skills/node_modules/.pnpm/toidentifier@1.0.1/node_modules/toidentifier,f34c59f784d43da6e633390d85d14ca60539b4676159444f313c62fcfc3b68dc
statuses,2.0.2,False,False,,,js-no-declarations-jsdoc-candidate,,,4,0,0,0,1,0,/home/cyber/Work/reddb.io/red-skills/node_modules/.pnpm/statuses@2.0.2/node_modules/statuses,dc2508da5568ba768d94b73126cd20a5df934bc0c651ad681022236484ca156c
inherits,2.0.4,False,False,,,js-or-native-no-declaration-found,,,1,0,0,0,2,0,/home/cyber/Work/reddb.io/red-skills/node_modules/.pnpm/inherits@2.0.4/node_modules/inherits,be645800bc94fd8de29c8ae91690549b316cc437100108aeea7b2f347693cc80
depd,2.0.0,False,False,,,js-no-declarations-jsdoc-candidate,,,3,0,0,0,2,0,/home/cyber/Work/reddb.io/red-skills/node_modules/.pnpm/depd@2.0.0/node_modules/depd,5a3659bcc2e47b25ebf9f23f38eb9452a58920bfe4b59410bfa6fe84639a3b99
bytes,3.1.2,False,False,,,js-no-declarations-jsdoc-candidate,,,2,0,0,0,1,0,/home/cyber/Work/reddb.io/red-skills/node_modules/.pnpm/bytes@3.1.2/node_modules/bytes,99b21c09ce812dc76a06cd87c4753247cb9615c6a8501c5a5a9d9caa22ea2d12
express,5.2.1,False,False,,,js-or-native-no-declaration-found,,,2,0,0,0,7,0,/home/cyber/Work/reddb.io/red-skills/node_modules/.pnpm/express@5.2.1/node_modules/express,2980b885bad92f757a2d44674e905cf875867d5685111d8ab8f285635b11367d
vary,1.1.2,False,False,,,js-no-declarations-jsdoc-candidate,,,2,0,0,0,1,0,/home/cyber/Work/reddb.io/red-skills/node_modules/.pnpm/vary@1.1.2/node_modules/vary,73edaee964d527117a9f69d6360fbe6cec534abd9127794be01a6af58a139daa
type-is,2.1.0,False,False,,,js-no-declarations-jsdoc-candidate,,,2,0,0,0,1,0,/home/cyber/Work/reddb.io/red-skills/node_modules/.pnpm/type-is@2.1.0/node_modules/type-is,87b5f716ec743cdf6d610487698c8558a608b6e0adac522e1a4315b94b081694
mime-types,3.0.2,False,False,,,js-no-declarations-jsdoc-candidate,,,4,0,0,0,2,0,/home/cyber/Work/reddb.io/red-skills/node_modules/.pnpm/mime-types@3.0.2/node_modules/mime-types,644fc05ded7d8a20c069a07c7c61373593d4859c91b1386f544cbf247e39820c
mime-db,1.54.0,False,False,,,js-or-native-no-declaration-found,,,1,0,0,0,1,0,/home/cyber/Work/reddb.io/red-skills/node_modules/.pnpm/mime-db@1.54.0/node_modules/mime-db,33bdbb99915697ac01df12490b9d479a55529123842e67975e6d76d0010aa142
media-typer,1.1.0,False,False,,,js-no-declarations-jsdoc-candidate,,,1,0,0,0,1,0,/home/cyber/Work/reddb.io/red-skills/node_modules/.pnpm/media-typer@1.1.0/node_modules/media-typer,9ed2fc3f9af87f2a3fbe07aff67e8cc4972f477bc06c0bf976334b5cc9c505f3
serve-static,2.2.1,False,False,,,js-no-declarations-jsdoc-candidate,,,1,0,0,0,1,0,/home/cyber/Work/reddb.io/red-skills/node_modules/.pnpm/serve-static@2.2.1/node_modules/serve-static,4f2884fa761dee155f31cb960d792c2900dbaa6aecbe6ebcc3bcfd7e754706b8
send,1.2.1,False,False,,,js-no-declarations-jsdoc-candidate,,,2,0,0,0,1,0,/home/cyber/Work/reddb.io/red-skills/node_modules/.pnpm/send@1.2.1/node_modules/send,303cfb195f13651e5174c23310e6a71e319b4bf85f9afe9e16b16567cbab02f8
range-parser,1.3.0,False,False,,,js-no-declarations-jsdoc-candidate,,,2,0,0,0,1,0,/home/cyber/Work/reddb.io/red-skills/node_modules/.pnpm/range-parser@1.3.0/node_modules/range-parser,3461c9c15204b32f459c97920bb678e42341e9e9675e4b748907ce4de740f26d
on-finished,2.4.1,False,False,,,js-no-declarations-jsdoc-candidate,,,4,0,0,0,1,0,/home/cyber/Work/reddb.io/red-skills/node_modules/.pnpm/on-finished@2.4.1/node_modules/on-finished,c812eca4b0dee2317cb446124cb27ae8e5b993c8fdd0144886b629ef6ef53fc1
ee-first,1.1.1,False,False,,,js-no-declarations-jsdoc-candidate,,,1,0,0,0,1,0,/home/cyber/Work/reddb.io/red-skills/node_modules/.pnpm/ee-first@1.1.1/node_modules/ee-first,a4eece6ff6b38bf7ac107323f381cc60500097a9cbdd473f5d5b45e68822cb89
ms,2.1.3,False,False,,,js-no-declarations-jsdoc-candidate,,,2,0,0,0,1,0,/home/cyber/Work/reddb.io/red-skills/node_modules/.pnpm/ms@2.1.3/node_modules/ms,1a6b4d9739790c0b94ab96c8cc0507e281c164c311ff4fbf5e57fb8d26290b40
fresh,2.0.0,False,False,,,js-no-declarations-jsdoc-candidate,,,2,0,0,0,1,0,/home/cyber/Work/reddb.io/red-skills/node_modules/.pnpm/fresh@2.0.0/node_modules/fresh,3895d6c15a9e65c1cca20c675db7637423ec2d087bb221ef79e09ed2e7d34ec0
etag,1.8.1,False,False,,,js-no-declarations-jsdoc-candidate,,,2,0,0,0,1,0,/home/cyber/Work/reddb.io/red-skills/node_modules/.pnpm/etag@1.8.1/node_modules/etag,836b9a5dd1c6af638f4602e83e2568277f9ab1f457db0b95d949c2a4ddb0462a
escape-html,1.0.3,False,False,,,js-no-declarations-jsdoc-candidate,,,4,0,0,0,1,0,/home/cyber/Work/reddb.io/red-skills/node_modules/.pnpm/escape-html@1.0.3/node_modules/escape-html,bd320a3e9d23249f5f7d3ce72f2fa426e28a6b2704bd2b281d0c92806a1f5223
encodeurl,2.0.0,False,False,,,js-no-declarations-jsdoc-candidate,,,4,0,0,0,1,0,/home/cyber/Work/reddb.io/red-skills/node_modules/.pnpm/encodeurl@2.0.0/node_modules/encodeurl,5df10798f4b086da95c24180d7519fa4f68e2057a48e2ff6b76b91d6ffed1e9b
debug,4.4.3,False,False,,,js-or-native-no-declaration-found,,,5,0,0,0,4,0,/home/cyber/Work/reddb.io/red-skills/node_modules/.pnpm/debug@4.4.3/node_modules/debug,ea8e33d63fe5f3a4c36609b6c3df8e2ef1f8b8ba2fc3a2e1e53cb27291f384af
parseurl,1.3.3,False,False,,,js-no-declarations-jsdoc-candidate,,,4,0,0,0,1,0,/home/cyber/Work/reddb.io/red-skills/node_modules/.pnpm/parseurl@1.3.3/node_modules/parseurl,98c7b953c844cac7c0be2d5abc6559c6fd3a6075fd159b04c0f1bf46145bfed2
router,2.2.0,False,False,,,js-no-declarations-jsdoc-candidate,,,1,0,0,0,3,0,/home/cyber/Work/reddb.io/red-skills/node_modules/.pnpm/router@2.2.0/node_modules/router,b77062595f89476fab6acbcde5fa8dfac3be7d7b9b0b0b69d48c84ebc13c9a06
qs,6.15.3,False,False,,,js-or-native-no-declaration-found,,,2,0,0,0,11,0,/home/cyber/Work/reddb.io/red-skills/node_modules/.pnpm/qs@6.15.3/node_modules/qs,47477ed1243939a78ab502c3d1d10a3d0571c06f9c2dfa128d7c047dbb010bf4
object-inspect,1.13.4,False,False,,,js-or-native-no-declaration-found,,,4,0,0,0,26,0,/home/cyber/Work/reddb.io/red-skills/node_modules/.pnpm/object-inspect@1.13.4/node_modules/object-inspect,21c5c63f653705f44a60f5fe93752b231caf6ff07b01805740bd89b71b2d6d8a
get-intrinsic,1.3.0,False,False,,,js-or-native-no-declaration-found,,,3,0,0,0,2,0,/home/cyber/Work/reddb.io/red-skills/node_modules/.pnpm/get-intrinsic@1.3.0/node_modules/get-intrinsic,45b14763baacc59b0fd7b39e3ad983d5d2aaf7f5ed682f2fce9edb469826c999
math-intrinsics,1.1.0,False,False,,,types-or-ts-files-present-but-root-unresolved,,,1,0,15,0,16,0,/home/cyber/Work/reddb.io/red-skills/node_modules/.pnpm/math-intrinsics@1.1.0/node_modules/math-intrinsics,39d74aa5a354153130706286dd60a2d8409ce0c8f66546eff2edcac0afff17e1
function-bind,1.1.2,False,False,,,js-or-native-no-declaration-found,,,3,0,0,0,3,0,/home/cyber/Work/reddb.io/red-skills/node_modules/.pnpm/function-bind@1.1.2/node_modules/function-bind,edb1c4faf4148e6e3d74ed8dbac1a1dc359a647ff4207aad4851396dc7a3559a
dunder-proto,1.0.1,False,False,,,types-or-ts-files-present-but-root-unresolved,,,1,0,2,0,5,0,/home/cyber/Work/reddb.io/red-skills/node_modules/.pnpm/dunder-proto@1.0.1/node_modules/dunder-proto,24df71008e4225c858f389dd2728b76cf66b752256d42a38ed7930aacae7fe2b
proxy-addr,2.0.7,False,False,,,js-no-declarations-jsdoc-candidate,,,1,0,0,0,1,0,/home/cyber/Work/reddb.io/red-skills/node_modules/.pnpm/proxy-addr@2.0.7/node_modules/proxy-addr,e490a79f8058cbb7c0e9fd3b9977013102b5cbd8d232259b93bb2ebf85834a51
forwarded,0.2.0,False,False,,,js-no-declarations-jsdoc-candidate,,,1,0,0,0,1,0,/home/cyber/Work/reddb.io/red-skills/node_modules/.pnpm/forwarded@0.2.0/node_modules/forwarded,550a78f64b6a76bc353d6a10152af5750613d0d910f8478943176c1a6196158a
once,1.4.0,False,False,,,js-or-native-no-declaration-found,,,1,0,0,0,1,0,/home/cyber/Work/reddb.io/red-skills/node_modules/.pnpm/once@1.4.0/node_modules/once,33840d74c14c94bfb75c76374765b635531b1eacb88d7f1f2f380c94d0ea1328
wrappy,1.0.2,False,False,,,js-or-native-no-declaration-found,,,1,0,0,0,1,0,/home/cyber/Work/reddb.io/red-skills/node_modules/.pnpm/wrappy@1.0.2/node_modules/wrappy,712ac9c4c3cef8bc79f42cf6075ff18551f4cb768f35158214fd643853ad7abc
finalhandler,2.1.1,False,False,,,js-no-declarations-jsdoc-candidate,,,1,0,0,0,1,0,/home/cyber/Work/reddb.io/red-skills/node_modules/.pnpm/finalhandler@2.1.1/node_modules/finalhandler,42f5503e57f067caf49dda0353d766f8eb4616429d3c43234ba673ee8acd1196
cookie-signature,1.2.2,False,False,,,js-no-declarations-jsdoc-candidate,,,1,0,0,0,1,0,/home/cyber/Work/reddb.io/red-skills/node_modules/.pnpm/cookie-signature@1.2.2/node_modules/cookie-signature,c07dac3271d2ab772ac105f714c3f44bea5180a9a40bf95c2db8d6cb29bb28be
cookie,0.7.2,False,False,,,js-no-declarations-jsdoc-candidate,,,1,0,0,0,1,0,/home/cyber/Work/reddb.io/red-skills/node_modules/.pnpm/cookie@0.7.2/node_modules/cookie,7fa781bd142e7f38b66bff64b4e3a8be9e53e340e7ddaf27caebd00322602208
content-type,1.0.5,False,False,,,js-no-declarations-jsdoc-candidate,,,2,0,0,0,1,0,/home/cyber/Work/reddb.io/red-skills/node_modules/.pnpm/content-type@1.0.5/node_modules/content-type,bd78a5427ffca1966621301edc6cac2146c8c1e137f122161ba90dca7ec89f77
content-disposition,1.1.0,False,False,,,js-no-declarations-jsdoc-candidate,,,1,0,0,0,1,0,/home/cyber/Work/reddb.io/red-skills/node_modules/.pnpm/content-disposition@1.1.0/node_modules/content-disposition,20ca1508f7b48509f2e5079ef94a84d56bc5d147d31f0310bf515a8c52ecf5f7
body-parser,2.3.0,False,False,,,js-no-declarations-jsdoc-candidate,,,1,0,0,0,7,0,/home/cyber/Work/reddb.io/red-skills/node_modules/.pnpm/body-parser@2.3.0/node_modules/body-parser,ae841913f51a2b463ba86e011564784654dad953352dc972baf59f87da4b2d36
accepts,2.0.0,False,False,,,js-no-declarations-jsdoc-candidate,,,1,0,0,0,1,0,/home/cyber/Work/reddb.io/red-skills/node_modules/.pnpm/accepts@2.0.0/node_modules/accepts,c579f3f992d488ac2f4ae751df8fd4169f034f4b6f6716f9a3ddfaf130993d63
negotiator,1.0.0,False,False,,,js-no-declarations-jsdoc-candidate,,,1,0,0,0,5,0,/home/cyber/Work/reddb.io/red-skills/node_modules/.pnpm/negotiator@1.0.0/node_modules/negotiator,a33b5a293825b22957629dafe778ea4164e577499418cd907d937b874f27675a
cross-spawn,7.0.6,False,False,,,js-or-native-no-declaration-found,,,1,0,0,0,6,0,/home/cyber/Work/reddb.io/red-skills/node_modules/.pnpm/cross-spawn@7.0.6/node_modules/cross-spawn,2e106cd9b4ae4e34ead35218371a0d4e172da72515a4f8f97d69a2e1fe3dee82
which,2.0.2,False,False,,,js-or-native-no-declaration-found,,,1,0,0,0,1,0,/home/cyber/Work/reddb.io/red-skills/node_modules/.pnpm/which@2.0.2/node_modules/which,43010039ed5e89f7186960be682b3cb5cda5ab6cdfb06cbfd4f081cf0e7b4260
isexe,2.0.0,False,False,,,js-or-native-no-declaration-found,,,1,0,0,0,4,0,/home/cyber/Work/reddb.io/red-skills/node_modules/.pnpm/isexe@2.0.0/node_modules/isexe,395c2af9abeeaafe7391974c1eacfb2a2bdeef187f21c3f5582c49e0368e59bf
shebang-command,2.0.0,False,False,,,js-or-native-no-declaration-found,,,1,0,0,0,1,0,/home/cyber/Work/reddb.io/red-skills/node_modules/.pnpm/shebang-command@2.0.0/node_modules/shebang-command,44de390ae5ed6c5f9758b8b9c90b93fa53977d5361731600429f1de08f4b3f30
cors,2.8.6,False,False,,,js-or-native-no-declaration-found,,,1,0,0,0,1,0,/home/cyber/Work/reddb.io/red-skills/node_modules/.pnpm/cors@2.8.6/node_modules/cors,b314218cdfc9e9442efd35c74c4176902c0bbd74700ba30d6055e70a76455174
object-assign,4.1.1,False,False,,,js-or-native-no-declaration-found,,,1,0,0,0,1,0,/home/cyber/Work/reddb.io/red-skills/node_modules/.pnpm/object-assign@4.1.1/node_modules/object-assign,5990bbffa235fc675debd925d50f6c3f48a2b4526d8c9f7555cadec9029d0d7f
require-from-string,2.0.2,False,False,,,js-or-native-no-declaration-found,,,1,0,0,0,1,0,/home/cyber/Work/reddb.io/red-skills/node_modules/.pnpm/require-from-string@2.0.2/node_modules/require-from-string,c0002f7d4c7d7e2a885cf0f97226344902417c3a0980f2beca41962d2bc1f6d8
micromatch,4.0.8,False,False,,,js-no-declarations-jsdoc-candidate,,,1,0,0,0,1,0,/home/cyber/Work/reddb.io/red-skills/node_modules/.pnpm/micromatch@4.0.8/node_modules/micromatch,94dbc881c0329813f2481f35fcfa725a2285d45926d33e9b9b8b80b28487752b
picomatch,2.3.2,False,False,,,js-or-native-no-declaration-found,,,1,0,0,0,6,0,/home/cyber/Work/reddb.io/red-skills/node_modules/.pnpm/picomatch@2.3.2/node_modules/picomatch,63264d817e856a4bff57d4304f2b38d2964a4f6df520eb169e7bcdb619f13e9a
braces,3.0.3,False,False,,,js-no-declarations-jsdoc-candidate,,,1,0,0,0,7,0,/home/cyber/Work/reddb.io/red-skills/node_modules/.pnpm/braces@3.0.3/node_modules/braces,56f08b888a4f30dc7cf8a7dbb36ffe92b737912ba36abe9d069d32167c957ac7
fill-range,7.1.1,False,False,,,js-or-native-no-declaration-found,,,1,0,0,0,1,0,/home/cyber/Work/reddb.io/red-skills/node_modules/.pnpm/fill-range@7.1.1/node_modules/fill-range,87f5c78f9b47d21f9ca62b60cff1d250a3b468eab320dd13c3f3ab2464a02735
to-regex-range,5.0.1,False,False,,,js-no-declarations-jsdoc-candidate,,,1,0,0,0,1,0,/home/cyber/Work/reddb.io/red-skills/node_modules/.pnpm/to-regex-range@5.0.1/node_modules/to-regex-range,766fc1bb34fffcd503c89f4194188ce059795c52fd0dc6753cd4b7dcfc3fe1ec
is-number,7.0.0,False,False,,,js-or-native-no-declaration-found,,,1,0,0,0,1,0,/home/cyber/Work/reddb.io/red-skills/node_modules/.pnpm/is-number@7.0.0/node_modules/is-number,51c133f4e41df982aef69027249ff9d7262645029f437d079adc7c83328fb620
merge2,1.4.1,False,False,,,js-or-native-no-declaration-found,,,1,0,0,0,1,0,/home/cyber/Work/reddb.io/red-skills/node_modules/.pnpm/merge2@1.4.1/node_modules/merge2,5424b2be337f1f0a1fa376fa67262bceaead62275d5f8df6ff82103e283cc358
glob-parent,5.1.2,False,False,,,js-no-declarations-jsdoc-candidate,,,1,0,0,0,1,0,/home/cyber/Work/reddb.io/red-skills/node_modules/.pnpm/glob-parent@5.1.2/node_modules/glob-parent,858af9aa27cfe6eea1cfd1abbda15ad0ccc87e66e88b3ad249fab8df6dd13192
is-glob,4.0.3,False,False,,,js-or-native-no-declaration-found,,,2,0,0,0,1,0,/home/cyber/Work/reddb.io/red-skills/node_modules/.pnpm/is-glob@4.0.3/node_modules/is-glob,1cce62b80db12fc033d85250b5881b1a288476229abda8e1abd983724befd56f
is-extglob,2.1.1,False,False,,,js-or-native-no-declaration-found,,,1,0,0,0,1,0,/home/cyber/Work/reddb.io/red-skills/node_modules/.pnpm/is-extglob@2.1.1/node_modules/is-extglob,8031afcd87f448d75ba8a5dd2cde9c68f982a94f406ebae8e5fb7cf6dfdeede2
run-parallel,1.2.0,False,False,,,js-or-native-no-declaration-found,,,1,0,0,0,1,0,/home/cyber/Work/reddb.io/red-skills/node_modules/.pnpm/run-parallel@1.2.0/node_modules/run-parallel,a45d96ac517ff7b6612a6e9961b66fc3e6d74adb1eeba5242ae0d36f77a35b58
strip-bom-string,1.0.0,False,False,,,js-or-native-no-declaration-found,,,1,0,0,0,1,0,/home/cyber/Work/reddb.io/red-skills/node_modules/.pnpm/strip-bom-string@1.0.0/node_modules/strip-bom-string,c2934f71a799371c0c9ccf45b083361764a9156a8ec3e5bf294bc49be6928027
section-matter,1.0.0,False,False,,,js-no-declarations-jsdoc-candidate,,,1,0,0,0,1,0,/home/cyber/Work/reddb.io/red-skills/node_modules/.pnpm/section-matter@1.0.0/node_modules/section-matter,2ae4b7a0764c94801ac69852166e662299e7a024a44a95ad187c01207c117b7a
kind-of,6.0.3,False,False,,,js-or-native-no-declaration-found,,,2,0,0,0,1,0,/home/cyber/Work/reddb.io/red-skills/node_modules/.pnpm/kind-of@6.0.3/node_modules/kind-of,0710f74718210573ae878c0a733775d2ad9e9d5a5053f0521cbf9347a39a01ec
extend-shallow,2.0.1,False,False,,,js-or-native-no-declaration-found,,,1,0,0,0,1,0,/home/cyber/Work/reddb.io/red-skills/node_modules/.pnpm/extend-shallow@2.0.1/node_modules/extend-shallow,c9c30569136a689a038356c1e4a5bb711f3520407d364cd96381ab009a8cd985
is-extendable,0.1.1,False,False,,,js-or-native-no-declaration-found,,,1,0,0,0,1,0,/home/cyber/Work/reddb.io/red-skills/node_modules/.pnpm/is-extendable@0.1.1/node_modules/is-extendable,eb1fccd73d67e1f2356e1b17df7dc0f235d3d98b4a11c7430e3e476fd410d535
js-yaml,3.15.0,False,False,,,js-or-native-no-declaration-found,,,1,0,0,0,33,0,/home/cyber/Work/reddb.io/red-skills/node_modules/.pnpm/js-yaml@3.15.0/node_modules/js-yaml,39cdff7cbe60f36d89610ce11313be12567366230d4f1108de6addf9478ca87a
esprima,4.0.1,False,False,,,js-or-native-no-declaration-found,,,1,0,0,0,3,0,/home/cyber/Work/reddb.io/red-skills/node_modules/.pnpm/esprima@4.0.1/node_modules/esprima,860df2e62153db26b370badf352d95edbf18e1eb54bdc2a479429b97155205b2
argparse,1.0.10,False,False,,,js-or-native-no-declaration-found,,,1,0,0,0,23,0,/home/cyber/Work/reddb.io/red-skills/node_modules/.pnpm/argparse@1.0.10/node_modules/argparse,48b848e56c31eda738f76fb8573ae1fe0012c4b1ec9d9cfe8783517a142e9531
sprintf-js,1.0.3,False,False,,,js-or-native-no-declaration-found,,,1,0,0,0,6,0,/home/cyber/Work/reddb.io/red-skills/node_modules/.pnpm/sprintf-js@1.0.3/node_modules/sprintf-js,f7ed5a0dc9b4c939e92be6acdf3bd83abc3d7e5def9c1307f3c9f53bd7cb2f8c
argparse,2.0.1,False,False,,,js-or-native-no-declaration-found,,,1,0,0,0,3,0,/home/cyber/Work/reddb.io/red-skills/node_modules/.pnpm/argparse@2.0.1/node_modules/argparse,688bace28e14392b3a1c4137eb56bc48b684dbf5cb56278ed7056cd2ece07990
msgpackr-extract,3.0.4,False,False,,,js-or-native-no-declaration-found,,,1,0,0,0,2,0,/home/cyber/Work/reddb.io/red-skills/node_modules/.pnpm/msgpackr-extract@3.0.4/node_modules/msgpackr-extract,5cc88f0f15a0b54d9bb55b7aba652b792342199d77a8402727b76f0a53f9c2d1
@msgpackr-extract/msgpackr-extract-linux-x64,3.0.4,False,False,,,js-or-native-no-declaration-found,,,1,0,0,0,1,4,/home/cyber/Work/reddb.io/red-skills/node_modules/.pnpm/@msgpackr-extract+msgpackr-extract-linux-x64@3.0.4/node_modules/@msgpackr-extract/msgpackr-extract-linux-x64,0feb6407da586c3576fc9f3fb8b512600e5382283895106927a7d91b2bad85d7
node-gyp-build-optional-packages,5.2.2,False,False,,,js-or-native-no-declaration-found,,,1,0,0,0,5,0,/home/cyber/Work/reddb.io/red-skills/node_modules/.pnpm/node-gyp-build-optional-packages@5.2.2/node_modules/node-gyp-build-optional-packages,939e18b5652b4cd288a9ff263ddd9be1101b0503903794b9f8feb2603461e1a4
kubernetes-types,1.30.0,False,False,,,types-or-ts-files-present-but-root-unresolved,,,1,0,35,0,0,0,/home/cyber/Work/reddb.io/red-skills/node_modules/.pnpm/kubernetes-types@1.30.0/node_modules/kubernetes-types,2e23caf0261433c70ddaff7a11de94f05c888c8f0433d2909253ae34a48ab306
@effect/platform-node-shared,0.58.0,False,False,,,types-or-ts-files-present-but-root-unresolved,,,1,0,23,23,46,0,/home/cyber/Work/reddb.io/red-skills/node_modules/.pnpm/@effect+platform-node-shared@0.58.0_@effect+cluster@0.57.0_@effect+platform@0.95.0_effe_b1194358fe5b28836b5fe2d221174567/node_modules/@effect/platform-node-shared,a2c4c6cec5c44f402c30a00f90fff3eb967f1b19b0498e3aaa3d95bb7bada863
ws,8.21.0,False,False,,,js-or-native-no-declaration-found,,,2,0,0,0,16,0,/home/cyber/Work/reddb.io/red-skills/node_modules/.pnpm/ws@8.21.0/node_modules/ws,584ce6e7516587ba249dc910b0c04e2753f6b3f451fc3a5bc324f7735bdacc71
@parcel/watcher-linux-x64-glibc,2.5.6,False,False,,,js-or-native-no-declaration-found,,,1,0,0,0,0,1,/home/cyber/Work/reddb.io/red-skills/node_modules/.pnpm/@parcel+watcher-linux-x64-glibc@2.5.6/node_modules/@parcel/watcher-linux-x64-glibc,3eb843560e8cf458fe1305a91706db05de45adc4a43b59351e418918362711ae
picomatch,4.0.5,False,False,,,js-or-native-no-declaration-found,,,1,0,0,0,7,0,/home/cyber/Work/reddb.io/red-skills/node_modules/.pnpm/picomatch@4.0.5/node_modules/picomatch,fb7766f5f9c724e13e075760a95d16f87cdb327143d153a913135fde267ec615
node-addon-api,7.1.1,False,False,,,js-or-native-no-declaration-found,,,1,0,0,0,5,0,/home/cyber/Work/reddb.io/red-skills/node_modules/.pnpm/node-addon-api@7.1.1/node_modules/node-addon-api,e4947cf10e432c42459e60a00947ccd1ad2501e16cf1a530b3d39f0c2de5c83f
mime,3.0.0,False,False,,,js-or-native-no-declaration-found,,,1,0,0,0,6,0,/home/cyber/Work/reddb.io/red-skills/node_modules/.pnpm/mime@3.0.0/node_modules/mime,d0e62774a5cca8ec9dcc5e9fecbf4474805866a366737b6bb1875610d149e871
ini,4.1.3,False,False,,,js-or-native-no-declaration-found,,,1,0,0,0,1,0,/home/cyber/Work/reddb.io/red-skills/node_modules/.pnpm/ini@4.1.3/node_modules/ini,2ee5266dba2338e901f29fd7069930441c4d59721ee6f6dee6e2fc03c9da9a27
