fromName,name,range,field,optionalPeer,from
chokidar,fsevents,~2.3.2,optionalDependencies,False,/home/cyber/Work/reddb.io/redcode/node_modules/.bun/chokidar@3.6.0/node_modules/chokidar
msgpackr-extract,@msgpackr-extract/msgpackr-extract-darwin-arm64,3.0.4,optionalDependencies,False,/home/cyber/Work/reddb.io/redcode/node_modules/.bun/msgpackr-extract@3.0.4/node_modules/msgpackr-extract
msgpackr-extract,@msgpackr-extract/msgpackr-extract-darwin-x64,3.0.4,optionalDependencies,False,/home/cyber/Work/reddb.io/redcode/node_modules/.bun/msgpackr-extract@3.0.4/node_modules/msgpackr-extract
msgpackr-extract,@msgpackr-extract/msgpackr-extract-linux-arm,3.0.4,optionalDependencies,False,/home/cyber/Work/reddb.io/redcode/node_modules/.bun/msgpackr-extract@3.0.4/node_modules/msgpackr-extract
msgpackr-extract,@msgpackr-extract/msgpackr-extract-linux-arm64,3.0.4,optionalDependencies,False,/home/cyber/Work/reddb.io/redcode/node_modules/.bun/msgpackr-extract@3.0.4/node_modules/msgpackr-extract
msgpackr-extract,@msgpackr-extract/msgpackr-extract-win32-x64,3.0.4,optionalDependencies,False,/home/cyber/Work/reddb.io/redcode/node_modules/.bun/msgpackr-extract@3.0.4/node_modules/msgpackr-extract
ws,bufferutil,^4.0.1,peerDependencies,True,/home/cyber/Work/reddb.io/redcode/node_modules/.bun/ws@8.21.0/node_modules/ws
ws,utf-8-validate,>=5.0.2,peerDependencies,True,/home/cyber/Work/reddb.io/redcode/node_modules/.bun/ws@8.21.0/node_modules/ws
web-tree-sitter,@types/emscripten,^1.40.0,peerDependencies,True,/home/cyber/Work/reddb.io/redcode/node_modules/.bun/web-tree-sitter@0.25.10/node_modules/web-tree-sitter
opencode-poe-auth,@opencode-ai/plugin,*,peerDependencies,False,/home/cyber/Work/reddb.io/redcode/node_modules/.bun/opencode-poe-auth@0.0.1+54db6456e1d81a4b/node_modules/opencode-poe-auth
opencode-gitlab-auth,@opencode-ai/plugin,*,dependencies,False,/home/cyber/Work/reddb.io/redcode/node_modules/.bun/opencode-gitlab-auth@2.1.0/node_modules/opencode-gitlab-auth
opencode-gitlab-auth,@opencode-ai/plugin,*,peerDependencies,False,/home/cyber/Work/reddb.io/redcode/node_modules/.bun/opencode-gitlab-auth@2.1.0/node_modules/opencode-gitlab-auth
ws,bufferutil,^4.0.1,peerDependencies,True,/home/cyber/Work/reddb.io/redcode/node_modules/.bun/ws@8.20.1/node_modules/ws
ws,utf-8-validate,>=5.0.2,peerDependencies,True,/home/cyber/Work/reddb.io/redcode/node_modules/.bun/ws@8.20.1/node_modules/ws
node-fetch,encoding,^0.1.0,peerDependencies,True,/home/cyber/Work/reddb.io/redcode/node_modules/.bun/node-fetch@2.7.0/node_modules/node-fetch
tree-sitter-powershell,tree-sitter,^0.25.0,peerDependencies,True,/home/cyber/Work/reddb.io/redcode/node_modules/.bun/tree-sitter-powershell@0.25.10/node_modules/tree-sitter-powershell
tree-sitter-bash,tree-sitter,^0.25.0,peerDependencies,True,/home/cyber/Work/reddb.io/redcode/node_modules/.bun/tree-sitter-bash@0.25.0/node_modules/tree-sitter-bash
opentui-spinner,@opentui/react,^0.3.4,peerDependencies,True,/home/cyber/Work/reddb.io/redcode/node_modules/.bun/opentui-spinner@0.0.7+5ab4a390c455099d/node_modules/opentui-spinner
@opentui/core,@opentui/core-darwin-x64,0.4.5,optionalDependencies,False,/home/cyber/Work/reddb.io/redcode/node_modules/.bun/@opentui+core@0.4.5+2240c214a0f33214/node_modules/@opentui/core
@opentui/core,@opentui/core-darwin-arm64,0.4.5,optionalDependencies,False,/home/cyber/Work/reddb.io/redcode/node_modules/.bun/@opentui+core@0.4.5+2240c214a0f33214/node_modules/@opentui/core
@opentui/core,@opentui/core-linux-arm64,0.4.5,optionalDependencies,False,/home/cyber/Work/reddb.io/redcode/node_modules/.bun/@opentui+core@0.4.5+2240c214a0f33214/node_modules/@opentui/core
@opentui/core,@opentui/core-win32-x64,0.4.5,optionalDependencies,False,/home/cyber/Work/reddb.io/redcode/node_modules/.bun/@opentui+core@0.4.5+2240c214a0f33214/node_modules/@opentui/core
@opentui/core,@opentui/core-win32-arm64,0.4.5,optionalDependencies,False,/home/cyber/Work/reddb.io/redcode/node_modules/.bun/@opentui+core@0.4.5+2240c214a0f33214/node_modules/@opentui/core
@opentui/core,@opentui/core-linux-arm64-musl,0.4.5,optionalDependencies,False,/home/cyber/Work/reddb.io/redcode/node_modules/.bun/@opentui+core@0.4.5+2240c214a0f33214/node_modules/@opentui/core
drizzle-orm,@aws-sdk/client-rds-data,>=3,peerDependencies,True,/home/cyber/Work/reddb.io/redcode/node_modules/.bun/drizzle-orm@1.0.0-rc.2+acca00c0605fee6a/node_modules/drizzle-orm
drizzle-orm,@effect/sql-pg,>=4.0.0-beta.58 || >=4.0.0,peerDependencies,True,/home/cyber/Work/reddb.io/redcode/node_modules/.bun/drizzle-orm@1.0.0-rc.2+acca00c0605fee6a/node_modules/drizzle-orm
drizzle-orm,@electric-sql/pglite,>=0.2.0,peerDependencies,True,/home/cyber/Work/reddb.io/redcode/node_modules/.bun/drizzle-orm@1.0.0-rc.2+acca00c0605fee6a/node_modules/drizzle-orm
drizzle-orm,@libsql/client,>=0.10.0,peerDependencies,True,/home/cyber/Work/reddb.io/redcode/node_modules/.bun/drizzle-orm@1.0.0-rc.2+acca00c0605fee6a/node_modules/drizzle-orm
drizzle-orm,@libsql/client-wasm,>=0.10.0,peerDependencies,True,/home/cyber/Work/reddb.io/redcode/node_modules/.bun/drizzle-orm@1.0.0-rc.2+acca00c0605fee6a/node_modules/drizzle-orm
drizzle-orm,@neondatabase/serverless,>=0.10.0,peerDependencies,True,/home/cyber/Work/reddb.io/redcode/node_modules/.bun/drizzle-orm@1.0.0-rc.2+acca00c0605fee6a/node_modules/drizzle-orm
drizzle-orm,@op-engineering/op-sqlite,>=2,peerDependencies,True,/home/cyber/Work/reddb.io/redcode/node_modules/.bun/drizzle-orm@1.0.0-rc.2+acca00c0605fee6a/node_modules/drizzle-orm
drizzle-orm,@sinclair/typebox,>=0.34.8,peerDependencies,True,/home/cyber/Work/reddb.io/redcode/node_modules/.bun/drizzle-orm@1.0.0-rc.2+acca00c0605fee6a/node_modules/drizzle-orm
drizzle-orm,@sqlitecloud/drivers,>=1.0.653,peerDependencies,True,/home/cyber/Work/reddb.io/redcode/node_modules/.bun/drizzle-orm@1.0.0-rc.2+acca00c0605fee6a/node_modules/drizzle-orm
drizzle-orm,@tidbcloud/serverless,*,peerDependencies,True,/home/cyber/Work/reddb.io/redcode/node_modules/.bun/drizzle-orm@1.0.0-rc.2+acca00c0605fee6a/node_modules/drizzle-orm
drizzle-orm,@tursodatabase/database,>=0.2.1,peerDependencies,True,/home/cyber/Work/reddb.io/redcode/node_modules/.bun/drizzle-orm@1.0.0-rc.2+acca00c0605fee6a/node_modules/drizzle-orm
drizzle-orm,@tursodatabase/database-common,>=0.2.1,peerDependencies,True,/home/cyber/Work/reddb.io/redcode/node_modules/.bun/drizzle-orm@1.0.0-rc.2+acca00c0605fee6a/node_modules/drizzle-orm
drizzle-orm,@tursodatabase/database-wasm,>=0.2.1,peerDependencies,True,/home/cyber/Work/reddb.io/redcode/node_modules/.bun/drizzle-orm@1.0.0-rc.2+acca00c0605fee6a/node_modules/drizzle-orm
drizzle-orm,@types/better-sqlite3,*,peerDependencies,True,/home/cyber/Work/reddb.io/redcode/node_modules/.bun/drizzle-orm@1.0.0-rc.2+acca00c0605fee6a/node_modules/drizzle-orm
drizzle-orm,@types/mssql,^9.1.4,peerDependencies,True,/home/cyber/Work/reddb.io/redcode/node_modules/.bun/drizzle-orm@1.0.0-rc.2+acca00c0605fee6a/node_modules/drizzle-orm
drizzle-orm,@types/pg,*,peerDependencies,True,/home/cyber/Work/reddb.io/redcode/node_modules/.bun/drizzle-orm@1.0.0-rc.2+acca00c0605fee6a/node_modules/drizzle-orm
drizzle-orm,@types/sql.js,*,peerDependencies,True,/home/cyber/Work/reddb.io/redcode/node_modules/.bun/drizzle-orm@1.0.0-rc.2+acca00c0605fee6a/node_modules/drizzle-orm
drizzle-orm,@vercel/postgres,>=0.8.0,peerDependencies,True,/home/cyber/Work/reddb.io/redcode/node_modules/.bun/drizzle-orm@1.0.0-rc.2+acca00c0605fee6a/node_modules/drizzle-orm
drizzle-orm,@xata.io/client,*,peerDependencies,True,/home/cyber/Work/reddb.io/redcode/node_modules/.bun/drizzle-orm@1.0.0-rc.2+acca00c0605fee6a/node_modules/drizzle-orm
drizzle-orm,arktype,>=2.0.0,peerDependencies,True,/home/cyber/Work/reddb.io/redcode/node_modules/.bun/drizzle-orm@1.0.0-rc.2+acca00c0605fee6a/node_modules/drizzle-orm
drizzle-orm,better-sqlite3,>=9.3.0,peerDependencies,True,/home/cyber/Work/reddb.io/redcode/node_modules/.bun/drizzle-orm@1.0.0-rc.2+acca00c0605fee6a/node_modules/drizzle-orm
drizzle-orm,expo-sqlite,>=14.0.0,peerDependencies,True,/home/cyber/Work/reddb.io/redcode/node_modules/.bun/drizzle-orm@1.0.0-rc.2+acca00c0605fee6a/node_modules/drizzle-orm
drizzle-orm,mssql,^11.0.1,peerDependencies,True,/home/cyber/Work/reddb.io/redcode/node_modules/.bun/drizzle-orm@1.0.0-rc.2+acca00c0605fee6a/node_modules/drizzle-orm
drizzle-orm,pg,>=8,peerDependencies,True,/home/cyber/Work/reddb.io/redcode/node_modules/.bun/drizzle-orm@1.0.0-rc.2+acca00c0605fee6a/node_modules/drizzle-orm
drizzle-orm,sql.js,>=1,peerDependencies,True,/home/cyber/Work/reddb.io/redcode/node_modules/.bun/drizzle-orm@1.0.0-rc.2+acca00c0605fee6a/node_modules/drizzle-orm
drizzle-orm,sqlite3,>=5,peerDependencies,True,/home/cyber/Work/reddb.io/redcode/node_modules/.bun/drizzle-orm@1.0.0-rc.2+acca00c0605fee6a/node_modules/drizzle-orm
drizzle-orm,typebox,>=1.0.0,peerDependencies,True,/home/cyber/Work/reddb.io/redcode/node_modules/.bun/drizzle-orm@1.0.0-rc.2+acca00c0605fee6a/node_modules/drizzle-orm
@opentui/keymap,@opentui/react,0.4.5,peerDependencies,True,/home/cyber/Work/reddb.io/redcode/node_modules/.bun/@opentui+keymap@0.4.5+7d6e87549fe33b7e/node_modules/@opentui/keymap
@shikijs/stream,vue,^3.2.0,peerDependencies,True,/home/cyber/Work/reddb.io/redcode/node_modules/.bun/@shikijs+stream@4.2.0+f829aa729f8614be/node_modules/@shikijs/stream
vite,fsevents,~2.3.3,optionalDependencies,False,/home/cyber/Work/reddb.io/redcode/node_modules/.bun/vite@7.1.4+1ebaa554339bb03a/node_modules/vite
vite,less,^4.0.0,peerDependencies,True,/home/cyber/Work/reddb.io/redcode/node_modules/.bun/vite@7.1.4+1ebaa554339bb03a/node_modules/vite
vite,sass-embedded,^1.70.0,peerDependencies,True,/home/cyber/Work/reddb.io/redcode/node_modules/.bun/vite@7.1.4+1ebaa554339bb03a/node_modules/vite
vite,stylus,>=0.54.8,peerDependencies,True,/home/cyber/Work/reddb.io/redcode/node_modules/.bun/vite@7.1.4+1ebaa554339bb03a/node_modules/vite
vite,sugarss,^5.0.0,peerDependencies,True,/home/cyber/Work/reddb.io/redcode/node_modules/.bun/vite@7.1.4+1ebaa554339bb03a/node_modules/vite
vite,tsx,^4.8.1,peerDependencies,True,/home/cyber/Work/reddb.io/redcode/node_modules/.bun/vite@7.1.4+1ebaa554339bb03a/node_modules/vite
lightningcss,lightningcss-darwin-x64,1.30.1,optionalDependencies,False,/home/cyber/Work/reddb.io/redcode/node_modules/.bun/lightningcss@1.30.1/node_modules/lightningcss
lightningcss,lightningcss-win32-x64-msvc,1.30.1,optionalDependencies,False,/home/cyber/Work/reddb.io/redcode/node_modules/.bun/lightningcss@1.30.1/node_modules/lightningcss
lightningcss,lightningcss-win32-arm64-msvc,1.30.1,optionalDependencies,False,/home/cyber/Work/reddb.io/redcode/node_modules/.bun/lightningcss@1.30.1/node_modules/lightningcss
lightningcss,lightningcss-darwin-arm64,1.30.1,optionalDependencies,False,/home/cyber/Work/reddb.io/redcode/node_modules/.bun/lightningcss@1.30.1/node_modules/lightningcss
lightningcss,lightningcss-linux-arm64-gnu,1.30.1,optionalDependencies,False,/home/cyber/Work/reddb.io/redcode/node_modules/.bun/lightningcss@1.30.1/node_modules/lightningcss
lightningcss,lightningcss-linux-arm-gnueabihf,1.30.1,optionalDependencies,False,/home/cyber/Work/reddb.io/redcode/node_modules/.bun/lightningcss@1.30.1/node_modules/lightningcss
lightningcss,lightningcss-linux-arm64-musl,1.30.1,optionalDependencies,False,/home/cyber/Work/reddb.io/redcode/node_modules/.bun/lightningcss@1.30.1/node_modules/lightningcss
lightningcss,lightningcss-freebsd-x64,1.30.1,optionalDependencies,False,/home/cyber/Work/reddb.io/redcode/node_modules/.bun/lightningcss@1.30.1/node_modules/lightningcss
rollup,fsevents,~2.3.2,optionalDependencies,False,/home/cyber/Work/reddb.io/redcode/node_modules/.bun/rollup@4.60.4/node_modules/rollup
rollup,@rollup/rollup-darwin-arm64,4.60.4,optionalDependencies,False,/home/cyber/Work/reddb.io/redcode/node_modules/.bun/rollup@4.60.4/node_modules/rollup
rollup,@rollup/rollup-android-arm64,4.60.4,optionalDependencies,False,/home/cyber/Work/reddb.io/redcode/node_modules/.bun/rollup@4.60.4/node_modules/rollup
rollup,@rollup/rollup-win32-arm64-msvc,4.60.4,optionalDependencies,False,/home/cyber/Work/reddb.io/redcode/node_modules/.bun/rollup@4.60.4/node_modules/rollup
rollup,@rollup/rollup-freebsd-arm64,4.60.4,optionalDependencies,False,/home/cyber/Work/reddb.io/redcode/node_modules/.bun/rollup@4.60.4/node_modules/rollup
rollup,@rollup/rollup-linux-arm64-gnu,4.60.4,optionalDependencies,False,/home/cyber/Work/reddb.io/redcode/node_modules/.bun/rollup@4.60.4/node_modules/rollup
rollup,@rollup/rollup-linux-arm64-musl,4.60.4,optionalDependencies,False,/home/cyber/Work/reddb.io/redcode/node_modules/.bun/rollup@4.60.4/node_modules/rollup
rollup,@rollup/rollup-android-arm-eabi,4.60.4,optionalDependencies,False,/home/cyber/Work/reddb.io/redcode/node_modules/.bun/rollup@4.60.4/node_modules/rollup
rollup,@rollup/rollup-linux-arm-gnueabihf,4.60.4,optionalDependencies,False,/home/cyber/Work/reddb.io/redcode/node_modules/.bun/rollup@4.60.4/node_modules/rollup
rollup,@rollup/rollup-linux-arm-musleabihf,4.60.4,optionalDependencies,False,/home/cyber/Work/reddb.io/redcode/node_modules/.bun/rollup@4.60.4/node_modules/rollup
rollup,@rollup/rollup-win32-ia32-msvc,4.60.4,optionalDependencies,False,/home/cyber/Work/reddb.io/redcode/node_modules/.bun/rollup@4.60.4/node_modules/rollup
rollup,@rollup/rollup-linux-loong64-gnu,4.60.4,optionalDependencies,False,/home/cyber/Work/reddb.io/redcode/node_modules/.bun/rollup@4.60.4/node_modules/rollup
rollup,@rollup/rollup-linux-loong64-musl,4.60.4,optionalDependencies,False,/home/cyber/Work/reddb.io/redcode/node_modules/.bun/rollup@4.60.4/node_modules/rollup
rollup,@rollup/rollup-linux-riscv64-gnu,4.60.4,optionalDependencies,False,/home/cyber/Work/reddb.io/redcode/node_modules/.bun/rollup@4.60.4/node_modules/rollup
rollup,@rollup/rollup-linux-riscv64-musl,4.60.4,optionalDependencies,False,/home/cyber/Work/reddb.io/redcode/node_modules/.bun/rollup@4.60.4/node_modules/rollup
rollup,@rollup/rollup-linux-ppc64-gnu,4.60.4,optionalDependencies,False,/home/cyber/Work/reddb.io/redcode/node_modules/.bun/rollup@4.60.4/node_modules/rollup
rollup,@rollup/rollup-linux-ppc64-musl,4.60.4,optionalDependencies,False,/home/cyber/Work/reddb.io/redcode/node_modules/.bun/rollup@4.60.4/node_modules/rollup
rollup,@rollup/rollup-linux-s390x-gnu,4.60.4,optionalDependencies,False,/home/cyber/Work/reddb.io/redcode/node_modules/.bun/rollup@4.60.4/node_modules/rollup
rollup,@rollup/rollup-darwin-x64,4.60.4,optionalDependencies,False,/home/cyber/Work/reddb.io/redcode/node_modules/.bun/rollup@4.60.4/node_modules/rollup
rollup,@rollup/rollup-win32-x64-gnu,4.60.4,optionalDependencies,False,/home/cyber/Work/reddb.io/redcode/node_modules/.bun/rollup@4.60.4/node_modules/rollup
rollup,@rollup/rollup-win32-x64-msvc,4.60.4,optionalDependencies,False,/home/cyber/Work/reddb.io/redcode/node_modules/.bun/rollup@4.60.4/node_modules/rollup
rollup,@rollup/rollup-freebsd-x64,4.60.4,optionalDependencies,False,/home/cyber/Work/reddb.io/redcode/node_modules/.bun/rollup@4.60.4/node_modules/rollup
rollup,@rollup/rollup-openbsd-x64,4.60.4,optionalDependencies,False,/home/cyber/Work/reddb.io/redcode/node_modules/.bun/rollup@4.60.4/node_modules/rollup
rollup,@rollup/rollup-openharmony-arm64,4.60.4,optionalDependencies,False,/home/cyber/Work/reddb.io/redcode/node_modules/.bun/rollup@4.60.4/node_modules/rollup
esbuild,@esbuild/aix-ppc64,0.25.12,optionalDependencies,False,/home/cyber/Work/reddb.io/redcode/node_modules/.bun/esbuild@0.25.12/node_modules/esbuild
esbuild,@esbuild/android-arm,0.25.12,optionalDependencies,False,/home/cyber/Work/reddb.io/redcode/node_modules/.bun/esbuild@0.25.12/node_modules/esbuild
esbuild,@esbuild/android-arm64,0.25.12,optionalDependencies,False,/home/cyber/Work/reddb.io/redcode/node_modules/.bun/esbuild@0.25.12/node_modules/esbuild
esbuild,@esbuild/android-x64,0.25.12,optionalDependencies,False,/home/cyber/Work/reddb.io/redcode/node_modules/.bun/esbuild@0.25.12/node_modules/esbuild
esbuild,@esbuild/darwin-arm64,0.25.12,optionalDependencies,False,/home/cyber/Work/reddb.io/redcode/node_modules/.bun/esbuild@0.25.12/node_modules/esbuild
esbuild,@esbuild/darwin-x64,0.25.12,optionalDependencies,False,/home/cyber/Work/reddb.io/redcode/node_modules/.bun/esbuild@0.25.12/node_modules/esbuild
esbuild,@esbuild/freebsd-arm64,0.25.12,optionalDependencies,False,/home/cyber/Work/reddb.io/redcode/node_modules/.bun/esbuild@0.25.12/node_modules/esbuild
esbuild,@esbuild/freebsd-x64,0.25.12,optionalDependencies,False,/home/cyber/Work/reddb.io/redcode/node_modules/.bun/esbuild@0.25.12/node_modules/esbuild
esbuild,@esbuild/linux-arm,0.25.12,optionalDependencies,False,/home/cyber/Work/reddb.io/redcode/node_modules/.bun/esbuild@0.25.12/node_modules/esbuild
esbuild,@esbuild/linux-arm64,0.25.12,optionalDependencies,False,/home/cyber/Work/reddb.io/redcode/node_modules/.bun/esbuild@0.25.12/node_modules/esbuild
esbuild,@esbuild/linux-ia32,0.25.12,optionalDependencies,False,/home/cyber/Work/reddb.io/redcode/node_modules/.bun/esbuild@0.25.12/node_modules/esbuild
esbuild,@esbuild/linux-loong64,0.25.12,optionalDependencies,False,/home/cyber/Work/reddb.io/redcode/node_modules/.bun/esbuild@0.25.12/node_modules/esbuild
esbuild,@esbuild/linux-mips64el,0.25.12,optionalDependencies,False,/home/cyber/Work/reddb.io/redcode/node_modules/.bun/esbuild@0.25.12/node_modules/esbuild
esbuild,@esbuild/linux-ppc64,0.25.12,optionalDependencies,False,/home/cyber/Work/reddb.io/redcode/node_modules/.bun/esbuild@0.25.12/node_modules/esbuild
esbuild,@esbuild/linux-riscv64,0.25.12,optionalDependencies,False,/home/cyber/Work/reddb.io/redcode/node_modules/.bun/esbuild@0.25.12/node_modules/esbuild
esbuild,@esbuild/linux-s390x,0.25.12,optionalDependencies,False,/home/cyber/Work/reddb.io/redcode/node_modules/.bun/esbuild@0.25.12/node_modules/esbuild
esbuild,@esbuild/netbsd-arm64,0.25.12,optionalDependencies,False,/home/cyber/Work/reddb.io/redcode/node_modules/.bun/esbuild@0.25.12/node_modules/esbuild
esbuild,@esbuild/netbsd-x64,0.25.12,optionalDependencies,False,/home/cyber/Work/reddb.io/redcode/node_modules/.bun/esbuild@0.25.12/node_modules/esbuild
esbuild,@esbuild/openbsd-arm64,0.25.12,optionalDependencies,False,/home/cyber/Work/reddb.io/redcode/node_modules/.bun/esbuild@0.25.12/node_modules/esbuild
esbuild,@esbuild/openbsd-x64,0.25.12,optionalDependencies,False,/home/cyber/Work/reddb.io/redcode/node_modules/.bun/esbuild@0.25.12/node_modules/esbuild
esbuild,@esbuild/openharmony-arm64,0.25.12,optionalDependencies,False,/home/cyber/Work/reddb.io/redcode/node_modules/.bun/esbuild@0.25.12/node_modules/esbuild
esbuild,@esbuild/sunos-x64,0.25.12,optionalDependencies,False,/home/cyber/Work/reddb.io/redcode/node_modules/.bun/esbuild@0.25.12/node_modules/esbuild
esbuild,@esbuild/win32-arm64,0.25.12,optionalDependencies,False,/home/cyber/Work/reddb.io/redcode/node_modules/.bun/esbuild@0.25.12/node_modules/esbuild
esbuild,@esbuild/win32-ia32,0.25.12,optionalDependencies,False,/home/cyber/Work/reddb.io/redcode/node_modules/.bun/esbuild@0.25.12/node_modules/esbuild
esbuild,@esbuild/win32-x64,0.25.12,optionalDependencies,False,/home/cyber/Work/reddb.io/redcode/node_modules/.bun/esbuild@0.25.12/node_modules/esbuild
linkedom,canvas,>= 2,peerDependencies,True,/home/cyber/Work/reddb.io/redcode/node_modules/.bun/linkedom@0.18.13/node_modules/linkedom
@parcel/watcher,@parcel/watcher-darwin-x64,2.5.1,optionalDependencies,False,/home/cyber/Work/reddb.io/redcode/node_modules/.bun/@parcel+watcher@2.5.1/node_modules/@parcel/watcher
@parcel/watcher,@parcel/watcher-darwin-arm64,2.5.1,optionalDependencies,False,/home/cyber/Work/reddb.io/redcode/node_modules/.bun/@parcel+watcher@2.5.1/node_modules/@parcel/watcher
@parcel/watcher,@parcel/watcher-win32-x64,2.5.1,optionalDependencies,False,/home/cyber/Work/reddb.io/redcode/node_modules/.bun/@parcel+watcher@2.5.1/node_modules/@parcel/watcher
@parcel/watcher,@parcel/watcher-win32-arm64,2.5.1,optionalDependencies,False,/home/cyber/Work/reddb.io/redcode/node_modules/.bun/@parcel+watcher@2.5.1/node_modules/@parcel/watcher
@parcel/watcher,@parcel/watcher-win32-ia32,2.5.1,optionalDependencies,False,/home/cyber/Work/reddb.io/redcode/node_modules/.bun/@parcel+watcher@2.5.1/node_modules/@parcel/watcher
@parcel/watcher,@parcel/watcher-linux-arm64-glibc,2.5.1,optionalDependencies,False,/home/cyber/Work/reddb.io/redcode/node_modules/.bun/@parcel+watcher@2.5.1/node_modules/@parcel/watcher
@parcel/watcher,@parcel/watcher-linux-arm64-musl,2.5.1,optionalDependencies,False,/home/cyber/Work/reddb.io/redcode/node_modules/.bun/@parcel+watcher@2.5.1/node_modules/@parcel/watcher
@parcel/watcher,@parcel/watcher-linux-arm-glibc,2.5.1,optionalDependencies,False,/home/cyber/Work/reddb.io/redcode/node_modules/.bun/@parcel+watcher@2.5.1/node_modules/@parcel/watcher
@parcel/watcher,@parcel/watcher-linux-arm-musl,2.5.1,optionalDependencies,False,/home/cyber/Work/reddb.io/redcode/node_modules/.bun/@parcel+watcher@2.5.1/node_modules/@parcel/watcher
@parcel/watcher,@parcel/watcher-android-arm64,2.5.1,optionalDependencies,False,/home/cyber/Work/reddb.io/redcode/node_modules/.bun/@parcel+watcher@2.5.1/node_modules/@parcel/watcher
@parcel/watcher,@parcel/watcher-freebsd-x64,2.5.1,optionalDependencies,False,/home/cyber/Work/reddb.io/redcode/node_modules/.bun/@parcel+watcher@2.5.1/node_modules/@parcel/watcher
@modelcontextprotocol/sdk,@cfworker/json-schema,^4.1.1,peerDependencies,True,/home/cyber/Work/reddb.io/redcode/node_modules/.bun/@modelcontextprotocol+sdk@1.29.0+759ce506b1ed1a42/node_modules/@modelcontextprotocol/sdk
@lydell/node-pty,@lydell/node-pty-darwin-arm64,1.2.0-beta.12,optionalDependencies,False,/home/cyber/Work/reddb.io/redcode/node_modules/.bun/@lydell+node-pty@1.2.0-beta.12/node_modules/@lydell/node-pty
@lydell/node-pty,@lydell/node-pty-darwin-x64,1.2.0-beta.12,optionalDependencies,False,/home/cyber/Work/reddb.io/redcode/node_modules/.bun/@lydell+node-pty@1.2.0-beta.12/node_modules/@lydell/node-pty
@lydell/node-pty,@lydell/node-pty-linux-arm64,1.2.0-beta.12,optionalDependencies,False,/home/cyber/Work/reddb.io/redcode/node_modules/.bun/@lydell+node-pty@1.2.0-beta.12/node_modules/@lydell/node-pty
@lydell/node-pty,@lydell/node-pty-win32-arm64,1.2.0-beta.12,optionalDependencies,False,/home/cyber/Work/reddb.io/redcode/node_modules/.bun/@lydell+node-pty@1.2.0-beta.12/node_modules/@lydell/node-pty
@lydell/node-pty,@lydell/node-pty-win32-x64,1.2.0-beta.12,optionalDependencies,False,/home/cyber/Work/reddb.io/redcode/node_modules/.bun/@lydell+node-pty@1.2.0-beta.12/node_modules/@lydell/node-pty
@ff-labs/fff-bun,@ff-labs/fff-bin-darwin-arm64,0.9.4,optionalDependencies,False,/home/cyber/Work/reddb.io/redcode/node_modules/.bun/@ff-labs+fff-bun@0.9.4/node_modules/@ff-labs/fff-bun
@ff-labs/fff-bun,@ff-labs/fff-bin-darwin-x64,0.9.4,optionalDependencies,False,/home/cyber/Work/reddb.io/redcode/node_modules/.bun/@ff-labs+fff-bun@0.9.4/node_modules/@ff-labs/fff-bun
@ff-labs/fff-bun,@ff-labs/fff-bin-linux-arm64-gnu,0.9.4,optionalDependencies,False,/home/cyber/Work/reddb.io/redcode/node_modules/.bun/@ff-labs+fff-bun@0.9.4/node_modules/@ff-labs/fff-bun
@ff-labs/fff-bun,@ff-labs/fff-bin-linux-arm64-musl,0.9.4,optionalDependencies,False,/home/cyber/Work/reddb.io/redcode/node_modules/.bun/@ff-labs+fff-bun@0.9.4/node_modules/@ff-labs/fff-bun
@ff-labs/fff-bun,@ff-labs/fff-bin-win32-x64,0.9.4,optionalDependencies,False,/home/cyber/Work/reddb.io/redcode/node_modules/.bun/@ff-labs+fff-bun@0.9.4/node_modules/@ff-labs/fff-bun
@ff-labs/fff-bun,@ff-labs/fff-bin-win32-arm64,0.9.4,optionalDependencies,False,/home/cyber/Work/reddb.io/redcode/node_modules/.bun/@ff-labs+fff-bun@0.9.4/node_modules/@ff-labs/fff-bun
@effect/opentelemetry,@opentelemetry/sdk-trace-web,^2.0.0,peerDependencies,True,/home/cyber/Work/reddb.io/redcode/node_modules/.bun/@effect+opentelemetry@4.0.0-beta.83+38644556584c069d/node_modules/@effect/opentelemetry
@deepseek-ai/cordis,@deepseek-ai/cordis-plugin-loader,^1.0.2,peerDependencies,True,/home/cyber/Work/reddb.io/redcode/node_modules/.bun/@deepseek-ai+cordis@4.0.1/node_modules/@deepseek-ai/cordis
@deepseek-ai/cordis,@deepseek-ai/cordis-plugin-include,^1.0.6,peerDependencies,True,/home/cyber/Work/reddb.io/redcode/node_modules/.bun/@deepseek-ai+cordis@4.0.1/node_modules/@deepseek-ai/cordis
@gitlab/opencode-gitlab-auth,@opencode-ai/plugin,*,dependencies,False,/home/cyber/Work/reddb.io/redcode/node_modules/.bun/@gitlab+opencode-gitlab-auth@1.3.3/node_modules/@gitlab/opencode-gitlab-auth
@gitlab/opencode-gitlab-auth,@opencode-ai/plugin,*,peerDependencies,False,/home/cyber/Work/reddb.io/redcode/node_modules/.bun/@gitlab+opencode-gitlab-auth@1.3.3/node_modules/@gitlab/opencode-gitlab-auth
@reddb-io/herdr-plugin-red-skills,@reddb-io/build-info,workspace:*,dependencies,False,/home/cyber/Work/reddb.io/red-skills/apps/herdr-plugin-red-skills
@reddb-io/herdr-plugin-red-skills,@reddb-io/toon,catalog:,dependencies,False,/home/cyber/Work/reddb.io/red-skills/apps/herdr-plugin-red-skills
@modelcontextprotocol/sdk,@cfworker/json-schema,^4.1.1,peerDependencies,True,/home/cyber/Work/reddb.io/red-skills/node_modules/.pnpm/@modelcontextprotocol+sdk@1.29.0_zod@3.25.76/node_modules/@modelcontextprotocol/sdk
msgpackr-extract,@msgpackr-extract/msgpackr-extract-darwin-arm64,3.0.4,optionalDependencies,False,/home/cyber/Work/reddb.io/red-skills/node_modules/.pnpm/msgpackr-extract@3.0.4/node_modules/msgpackr-extract
msgpackr-extract,@msgpackr-extract/msgpackr-extract-darwin-x64,3.0.4,optionalDependencies,False,/home/cyber/Work/reddb.io/red-skills/node_modules/.pnpm/msgpackr-extract@3.0.4/node_modules/msgpackr-extract
msgpackr-extract,@msgpackr-extract/msgpackr-extract-linux-arm,3.0.4,optionalDependencies,False,/home/cyber/Work/reddb.io/red-skills/node_modules/.pnpm/msgpackr-extract@3.0.4/node_modules/msgpackr-extract
msgpackr-extract,@msgpackr-extract/msgpackr-extract-linux-arm64,3.0.4,optionalDependencies,False,/home/cyber/Work/reddb.io/red-skills/node_modules/.pnpm/msgpackr-extract@3.0.4/node_modules/msgpackr-extract
msgpackr-extract,@msgpackr-extract/msgpackr-extract-win32-x64,3.0.4,optionalDependencies,False,/home/cyber/Work/reddb.io/red-skills/node_modules/.pnpm/msgpackr-extract@3.0.4/node_modules/msgpackr-extract
@effect/experimental,ioredis,^5,peerDependencies,True,/home/cyber/Work/reddb.io/red-skills/node_modules/.pnpm/@effect+experimental@0.59.0_@effect+platform@0.95.0_effect@3.22.0__effect@3.22.0/node_modules/@effect/experimental
@effect/experimental,lmdb,^3,peerDependencies,True,/home/cyber/Work/reddb.io/red-skills/node_modules/.pnpm/@effect+experimental@0.59.0_@effect+platform@0.95.0_effect@3.22.0__effect@3.22.0/node_modules/@effect/experimental
ws,bufferutil,^4.0.1,peerDependencies,True,/home/cyber/Work/reddb.io/red-skills/node_modules/.pnpm/ws@8.21.0/node_modules/ws
ws,utf-8-validate,>=5.0.2,peerDependencies,True,/home/cyber/Work/reddb.io/red-skills/node_modules/.pnpm/ws@8.21.0/node_modules/ws
@parcel/watcher,@parcel/watcher-darwin-x64,2.5.6,optionalDependencies,False,/home/cyber/Work/reddb.io/red-skills/node_modules/.pnpm/@parcel+watcher@2.5.6/node_modules/@parcel/watcher
@parcel/watcher,@parcel/watcher-darwin-arm64,2.5.6,optionalDependencies,False,/home/cyber/Work/reddb.io/red-skills/node_modules/.pnpm/@parcel+watcher@2.5.6/node_modules/@parcel/watcher
@parcel/watcher,@parcel/watcher-win32-x64,2.5.6,optionalDependencies,False,/home/cyber/Work/reddb.io/red-skills/node_modules/.pnpm/@parcel+watcher@2.5.6/node_modules/@parcel/watcher
@parcel/watcher,@parcel/watcher-win32-arm64,2.5.6,optionalDependencies,False,/home/cyber/Work/reddb.io/red-skills/node_modules/.pnpm/@parcel+watcher@2.5.6/node_modules/@parcel/watcher
@parcel/watcher,@parcel/watcher-win32-ia32,2.5.6,optionalDependencies,False,/home/cyber/Work/reddb.io/red-skills/node_modules/.pnpm/@parcel+watcher@2.5.6/node_modules/@parcel/watcher
@parcel/watcher,@parcel/watcher-linux-x64-musl,2.5.6,optionalDependencies,False,/home/cyber/Work/reddb.io/red-skills/node_modules/.pnpm/@parcel+watcher@2.5.6/node_modules/@parcel/watcher
@parcel/watcher,@parcel/watcher-linux-arm64-glibc,2.5.6,optionalDependencies,False,/home/cyber/Work/reddb.io/red-skills/node_modules/.pnpm/@parcel+watcher@2.5.6/node_modules/@parcel/watcher
@parcel/watcher,@parcel/watcher-linux-arm64-musl,2.5.6,optionalDependencies,False,/home/cyber/Work/reddb.io/red-skills/node_modules/.pnpm/@parcel+watcher@2.5.6/node_modules/@parcel/watcher
@parcel/watcher,@parcel/watcher-linux-arm-glibc,2.5.6,optionalDependencies,False,/home/cyber/Work/reddb.io/red-skills/node_modules/.pnpm/@parcel+watcher@2.5.6/node_modules/@parcel/watcher
@parcel/watcher,@parcel/watcher-linux-arm-musl,2.5.6,optionalDependencies,False,/home/cyber/Work/reddb.io/red-skills/node_modules/.pnpm/@parcel+watcher@2.5.6/node_modules/@parcel/watcher
@parcel/watcher,@parcel/watcher-android-arm64,2.5.6,optionalDependencies,False,/home/cyber/Work/reddb.io/red-skills/node_modules/.pnpm/@parcel+watcher@2.5.6/node_modules/@parcel/watcher
@parcel/watcher,@parcel/watcher-freebsd-x64,2.5.6,optionalDependencies,False,/home/cyber/Work/reddb.io/red-skills/node_modules/.pnpm/@parcel+watcher@2.5.6/node_modules/@parcel/watcher
